,timeperiod,GEOG,crimes,coffeeshops,INC_LT_25K,INC_25_50K,INC_50_75K,INC_75_100K,INC_100_150K,INC_GT_150,MEDINC,EMP,UNEMP,TOT_POP,WHITE,HISP,BLACK,ASIAN,POP_HH,AsianPerc,BlackPerc,HispPerc,WhitePerc,UnemployedPerc,EmployedPerc,Inc25k,Inc50k,Inc75k,Inc100k,Inc150k,Inc_gt150k
0,2005-2009,Albany Park,645.0,157.0,4781.0,3986.0,2966.0,2003.0,1748.0,1320.0,47864.92398,27319.0,3052.0,53897.0,15844.0,28257.0,2177.0,6710.0,52775.0,0.12449672523517079,0.040391858545002504,0.5242777891162773,0.29396812438540176,0.05662652837820287,0.5068742230550866,0.08870623596860679,0.07395587880587046,0.055030892257454035,0.037163478486743236,0.03243223184963913,0.02449115906265655
1,2005-2009,Archer Heights,302.0,9.0,754.2053571,1387.696429,814.0625,357.625,279.0,141.9330357,42655.16006,5496.034931,1081.759545,13408.35388,2995.06163,9916.870775,210.4691849,209.9522863,13398.35388,0.015658319296984424,0.015696869786076977,0.7396038964777083,0.2233728059987629,0.08067802764465819,0.40989632136707893,0.0562489149562929,0.10349491379921724,0.06071308285010747,0.02667180499564798,0.020807923366056028,0.010585418386943707
2,2005-2009,Armour Square,394.0,48.0,2835.711009,1085.912844,641.6972477,354.940367,329.1651376,127.3761468,21743.57846,5880.601113,1180.585529,13764.29367,1560.087638,651.8769588,1680.0,9201.634939,13757.29367,0.6685148660447028,0.12205493723674672,0.047360000769294835,0.1133430944880443,0.0857716027647062,0.42723595223902255,0.20601936263395637,0.07889346667797448,0.04662042696012894,0.025787038224388596,0.02391442274422208,0.009254099763769426
3,2005-2009,Ashburn,1010.0,1.0,2120.0,2568.0,2467.0,2099.0,2544.0,982.0,67963.90803,18862.0,2505.0,42788.0,7152.0,13148.0,22047.0,121.0,42292.0,0.0028278956716836496,0.5152612882116481,0.30728241563055064,0.16714966813125176,0.05854445171543424,0.440824530242124,0.049546601850986256,0.06001682714779845,0.057656352248293914,0.04905581004019818,0.05945592222118351,0.022950359913994578
4,2005-2009,Auburn Gresham,3181.0,6.0,7161.0,4655.0,2767.0,1395.0,816.0,379.0,30899.9472,15369.0,6078.0,49634.0,135.0,484.0,48680.0,77.0,49561.0,0.0015513559253737357,0.980779304509006,0.009751380102349196,0.0027199097392916144,0.12245638070677359,0.3096466132086876,0.1442761010597574,0.09378651730668493,0.055748075915702945,0.028105733972680017,0.016440343313051536,0.0076358947495668295
5,2005-2009,Austin,5786.0,11.0,13263.0,8680.0,4674.0,2719.0,2133.0,959.0,31885.40373,33554.0,9821.0,98162.0,4463.0,8756.0,83844.0,351.0,96799.0,0.0035757217660601862,0.8541390762209409,0.08919948656302847,0.045465658808907725,0.10004889875919398,0.3418227012489558,0.13511338399788106,0.0884252562091237,0.04761516676514333,0.02769910963509301,0.021729386116827284,0.009769564597298344
6,2005-2009,Avalon Park,663.0,4.0,1150.426901,931.128655,608.6023392,441.7076023,560.3157895,164.5692008,45465.43448,3806.393912,1017.682953,9589.472892,167.0527108,29.0,9269.78238,34.0,9584.472892,0.0035455546288018017,0.9666623478057172,0.0030241495363309487,0.01742042682443614,0.10612501484299519,0.39693463393337053,0.11996768893937242,0.09709904449250724,0.06346567178971071,0.046061718644462075,0.05843030120742533,0.017161443872195682
7,2005-2009,Avondale,859.0,111.0,3279.0,4321.0,2892.0,1270.0,1487.0,552.0,46352.70125,21415.0,2176.0,41542.0,11010.0,27177.0,1110.0,1289.0,41489.0,0.031028838284146164,0.026719946078667373,0.6542053825044534,0.26503297867218717,0.05238072312358577,0.5155023831303259,0.07893216503779307,0.10401521351884839,0.06961629194550094,0.03057146983775456,0.03579509893601656,0.013287756968850801
8,2005-2009,Belmont Cragin,1387.0,82.0,5763.219931,6796.688431,4315.020619,2191.34937,1972.172967,506.3688431,42307.42733,33132.70385,5685.974994,77833.43771,11878.39482,59946.75416,3819.491682,991.4513863,77533.65582,0.01273811636065792,0.0490726324620411,0.7701928107474311,0.15261300502051278,0.0730531139480875,0.42568727303873316,0.07404555292126772,0.0873235029952527,0.05543916272948597,0.028154343871650122,0.025338376731452224,0.006505800822863333
9,2005-2009,Beverly,287.0,16.0,830.0,1079.0,1301.0,1290.0,1542.0,1663.0,87451.05233,10026.0,873.0,21226.0,12358.0,1092.0,7366.0,61.0,21203.0,0.0028738339771977764,0.34702723075473474,0.0514463393950815,0.5822104965608217,0.041128804296617354,0.47234523697352304,0.03910298690285499,0.05083388297371148,0.06129275416941487,0.060774521812871005,0.07264675398096673,0.07834730990294922
10,2005-2009,Bridgeport,267.0,36.0,3673.288991,3015.087156,2222.302752,1432.059633,1029.834862,751.6238532,44415.54918,15951.39889,2531.414471,32375.70633,10737.91236,9256.123041,635.0,10749.36506,32341.70633,0.3320194762836546,0.019613471703985523,0.2858971769342708,0.3316657326499786,0.07818870251656375,0.4926965523905529,0.1134581884811654,0.09312807341615147,0.068641058494553,0.044232537150024245,0.031808877048212336,0.02321567429413979
11,2005-2009,Brighton Park,725.0,19.0,3447.0,4084.0,2287.0,880.0,684.0,190.0,37593.37793,17731.0,2864.0,44148.0,3625.0,37203.0,568.0,2718.0,44050.0,0.06156564283772764,0.012865814985956328,0.8426882304974178,0.08211017486635862,0.06487270091510375,0.40162634773942196,0.07807828214188638,0.09250702183564374,0.05180302618465163,0.019932952795143608,0.015493340581679805,0.004303705717133279
12,2005-2009,Burnside,127.0,33.0,510.0,240.0,193.0,43.0,29.0,41.0,26343.01493,1181.0,269.0,3508.0,20.0,0.0,3488.0,0.0,3508.0,0.0,0.9942987457240593,0.0,0.005701254275940707,0.0766818700114025,0.33665906499429876,0.14538198403648803,0.06841505131128849,0.05501710376282782,0.01225769669327252,0.008266818700114024,0.011687571265678449
13,2005-2009,Calumet Heights,639.0,0.0,1096.0,1374.0,1144.0,845.0,663.0,464.0,55616.82957,5159.0,1291.0,14382.0,195.0,601.0,13487.0,14.0,14377.0,0.0009734390209984703,0.9377694340147407,0.04178834654429148,0.013558614935335837,0.08976498400778751,0.3587122792379363,0.07620636907245168,0.09553608677513559,0.07954387428730357,0.05875399805312196,0.04609929078014184,0.032262550410235014
14,2005-2009,Chatham,2690.0,0.0,5992.573099,3663.871345,2233.397661,1065.292398,762.6842105,394.4307992,30572.34821,11516.60609,3638.317047,33271.52711,178.9472892,158.0,32442.21762,23.0,33247.52711,0.00069128176545546,0.975074498767123,0.004748805171389682,0.005378391217462816,0.10935227093638503,0.34613999086740443,0.18011115267380945,0.11012032399014221,0.06712639469826848,0.032018139548509586,0.022923029892149723,0.011854905183521046
15,2005-2009,Chicago Lawn,3050.0,0.0,5542.0,4792.0,2514.0,1518.0,858.0,192.0,34480.19437,18860.0,3878.0,54807.0,1900.0,22881.0,29311.0,439.0,54585.0,0.008009925739412848,0.5348039484007517,0.4174831682084405,0.03466710456693488,0.07075738500556499,0.34411662743810095,0.10111847026839638,0.08743408688671155,0.04587005309540752,0.027697191964530077,0.015654934588647435,0.003503202145711314
16,2005-2009,Clearing,128.0,0.0,1786.0,1722.0,1854.0,1338.0,1261.0,428.0,56587.63292,11250.0,1184.0,22716.0,11775.0,10460.0,121.0,184.0,22706.0,0.008100017608733932,0.005326642014439162,0.460468392322592,0.5183571051241416,0.05212185243880965,0.49524564183835185,0.07862299700651523,0.07580559957739039,0.08161648177496038,0.05890121500264131,0.05551153372072548,0.018841345307272408
17,2005-2009,Douglas,844.0,51.0,3789.0,2004.0,1551.0,721.0,540.0,405.0,33301.22642,7890.0,1751.0,19098.0,2271.0,570.0,13686.0,2335.0,16488.0,0.12226411142528014,0.7166195413132265,0.029846057178762174,0.11891297518064718,0.09168499319300451,0.41313226515865537,0.19839773798303487,0.10493245366006912,0.08121269242852655,0.03775264425594303,0.02827521206409048,0.02120640904806786
18,2005-2009,Dunning,234.0,81.0,3088.0,3201.0,2952.0,2410.0,2487.0,1003.0,61440.6507,21611.0,2408.0,42115.0,29975.0,9706.0,426.0,1617.0,41958.0,0.03839487118603823,0.010115160869049032,0.23046420515255847,0.7117416597411849,0.05717677787011754,0.5131425857770391,0.07332304404606435,0.07600617357236139,0.07009379081087498,0.05722426688828208,0.05905259408761724,0.02381574260952155
19,2005-2009,East Garfield Park,1573.0,7.0,3437.185442,1675.859619,763.8076257,589.0,294.0,135.0,25108.48712,5823.73061,1419.199526,21308.13736,661.9005329,367.7489639,20035.74364,92.0,20653.13736,0.004317599349284465,0.9402860185053735,0.017258616165594307,0.03106327511021827,0.0666036407604611,0.27331016839286976,0.16130858291031777,0.07864880870094035,0.035845818561965566,0.0276420219209625,0.013797545746626443,0.006335607740797856
20,2005-2009,East Side,207.0,0.0,1907.401758,1990.176353,1324.333021,663.0315869,728.483795,278.0543348,42536.27516,8978.389395,1241.599899,23482.52405,4077.432561,18581.38119,636.0,100.7102987,23472.52405,0.004288733974489424,0.0270839709839454,0.7912855172823724,0.1736368949231418,0.05287335792167538,0.38234345574959605,0.08122643689999755,0.08475138144274572,0.056396536342523194,0.028235107328677473,0.031022380449771115,0.011840904930319873
21,2005-2009,Edgewater,756.0,119.0,8848.0,7392.0,4572.0,3127.0,3121.0,2050.0,42646.29284,31269.0,3184.0,55333.0,29573.0,9019.0,8114.0,6733.0,52728.0,0.12168145591238501,0.14663943758697343,0.1629949578009506,0.5344550268375111,0.057542515316357325,0.5651058138904451,0.15990457773842012,0.13359116621184464,0.08262700377713118,0.05651238862884716,0.0564039542406882,0.03704841595431298
22,2005-2009,Edison Park,13.0,4.0,571.4823335,688.6314577,741.9200236,873.3217959,895.5342904,793.9226702,83025.7145,5881.798154,425.209133,11031.17494,10171.98633,491.7447178,0.0,241.5116618,11026.17494,0.021893557405590378,0.0,0.04457772816356042,0.9221126838552339,0.03854613269327773,0.5331977949757725,0.051806116448009115,0.06242593934422728,0.06725666374029964,0.07916852018484986,0.08118213112120222,0.07197081675508266
23,2005-2009,Englewood,2825.0,7.0,5877.0,2109.0,983.0,514.0,208.0,112.0,19102.82696,7289.0,2834.0,28824.0,170.0,275.0,28076.0,13.0,28684.0,0.0004510130446849847,0.9740494032750485,0.009540660560643907,0.005897862892034416,0.09832084374132667,0.25287954482375796,0.20389258950874273,0.07316819317235637,0.03410352484041077,0.017832361920621705,0.0072162087149597555,0.0038856508465167916
24,2005-2009,Forest Glen,49.0,25.0,967.0810811,1027.297297,937.5990991,738.8468468,1366.486486,1765.576577,90884.46373,9209.251905,671.6002287,18563.29122,13368.94915,2409.294299,300.0,2211.934515,18535.14561,0.1191563763551192,0.016160927307803125,0.12978810009747832,0.7201820513162214,0.03617894158641552,0.49610016865317486,0.0520964235080292,0.055340256467732135,0.05050823628138933,0.039801500609114505,0.07361229589113778,0.09511118239085624
25,2005-2009,Fuller Park,318.0,0.0,713.8421053,318.2631579,51.0,66.15789474,17.26315789,4.105263158,15979.40459,752.4529398,375.2378418,2994.659426,102.71218,176.4840962,2678.0,26.15593483,2980.659426,0.00873419347886807,0.8942586181083818,0.058932943982792654,0.03429845113879738,0.1253023427446003,0.2512649462797376,0.23837171569572663,0.1062769125386347,0.017030317223124522,0.022091959494829047,0.0057646481399918625,0.0013708614483361953
26,2005-2009,Gage Park,748.0,1.0,2677.0,3230.0,1905.0,827.0,620.0,146.0,38258.51047,15138.0,3372.0,39492.0,1872.0,35456.0,1745.0,400.0,39444.0,0.010128633647320976,0.04418616428643776,0.8978020864985313,0.04740200546946217,0.08538438164691584,0.3833181403828623,0.06778588068469564,0.08178871670211689,0.04823761774536615,0.020940950065836118,0.015699382153347513,0.0036969512812721566
27,2005-2009,Garfield Ridge,479.0,72.0,2205.0,2663.0,2310.0,1863.0,1846.0,1041.0,60706.38933,15780.0,2004.0,33894.0,17953.0,13184.0,1933.0,628.0,33793.0,0.018528353100843806,0.057030742904348855,0.38897740012981646,0.5296807694577211,0.059125508939635335,0.46556912727916444,0.06505576208178439,0.07856847819673099,0.06815365551425032,0.05496548061603824,0.054463916917448514,0.03071340060187644
28,2005-2009,Grand Boulevard,1310.0,0.0,4387.0,1909.0,1391.0,866.0,771.0,554.0,30154.15419,8574.0,2746.0,23151.0,944.0,698.0,21091.0,60.0,22872.0,0.002591680704937152,0.9110189624638244,0.030149885534102198,0.04077577642434452,0.11861258692929032,0.370351172735519,0.18949505420932142,0.08245864109541705,0.0600837976761263,0.037406591507926225,0.0333030970584424,0.023929851842253033
29,2005-2009,Greater Grand Crossing,2965.0,0.0,5580.0,3228.0,1970.0,879.0,621.0,327.0,29254.15489,11270.0,3375.0,32873.0,324.0,451.0,31659.0,25.0,32405.0,0.0007605025400784838,0.9630699966537888,0.013719465823015848,0.00985611291941715,0.10266784291059532,0.34283454506738054,0.1697441669455176,0.09819608797493383,0.059927600158184526,0.026739269309159493,0.018890883095549538,0.009947373224226569
30,2005-2009,Hegewisch,87.0,0.0,986.5982421,1027.823647,520.6669794,518.9684131,350.516205,297.9456652,45178.05814,3928.610605,417.4001013,10202.47595,3990.567439,5189.618814,933.0,17.28970126,10182.47595,0.001694657389513376,0.09144839003516593,0.5086626853553132,0.39113715715252434,0.04091164765744927,0.3850644318352939,0.09670184442826352,0.10074256994450449,0.051033394437945225,0.05086690874287236,0.03435599424275046,0.02920327052571979
31,2005-2009,Hermosa,453.0,0.0,1816.0,2319.0,1574.0,731.0,453.0,177.0,41201.41713,11208.0,1694.0,25068.0,1974.0,22612.0,196.0,111.0,25046.0,0.004427955959789373,0.007818733046114568,0.9020264879527685,0.07874581139301101,0.06757619275570448,0.44710387745332697,0.07244295516195948,0.09250837721397798,0.06278921333971597,0.029160682942396682,0.01807084729535663,0.007060794638583054
32,2005-2009,Humboldt Park,2599.0,21.0,7263.0,4440.0,2679.0,1286.0,718.0,392.0,29778.33107,18299.0,3821.0,54351.0,3009.0,27823.0,22680.0,147.0,54106.0,0.002704642048904344,0.4172876304023845,0.511913304263031,0.05536236683777667,0.0703022943460102,0.33668193777483396,0.13363139592647788,0.08169122923221284,0.049290721421868966,0.023661018196537324,0.013210428510974958,0.007212378797078251
33,2005-2009,Hyde Park,811.0,100.0,3664.0,2811.0,2345.0,1003.0,1087.0,1629.0,47980.73969,13577.0,1249.0,26541.0,12446.0,1578.0,8851.0,2847.0,23793.0,0.10726800045213067,0.33348404355525413,0.0594551825477563,0.4689348555065747,0.047059266794770356,0.5115481707546814,0.13805056327945442,0.10591160845484344,0.08835386760107004,0.037790588146641046,0.040955502806977885,0.061376737877246526
34,2005-2009,Irving Park,663.0,0.0,4237.0,5695.0,3305.0,2602.0,2241.0,2097.0,51154.86605,29259.0,3253.0,56513.0,24229.0,25449.0,1668.0,4004.0,55961.0,0.0708509546476032,0.02951533275529524,0.4503211650416718,0.4287332118273672,0.05756197689027304,0.5177392812273283,0.07497389981066303,0.10077327340611894,0.058482119158423725,0.04604250349477111,0.039654592748571124,0.03710650646753844
35,2005-2009,Jefferson Park,135.0,26.0,2106.0,2182.0,1833.0,1307.0,1488.0,1027.0,59387.79739,12930.0,1830.0,26771.0,18075.0,5343.0,369.0,2518.0,26744.0,0.09405700197975421,0.013783571775428636,0.19958163684584065,0.6751708938777035,0.06835755108139405,0.4829853199357514,0.07866721452317807,0.08150610735497367,0.06846961264054387,0.04882148593627433,0.055582533338313846,0.03836240708229054
36,2005-2009,Kenwood,453.0,25.0,3362.0,2100.0,1197.0,777.0,771.0,909.0,38263.10436,7575.0,1413.0,18180.0,3159.0,749.0,12840.0,1065.0,17852.0,0.05858085808580858,0.7062706270627063,0.0411991199119912,0.17376237623762375,0.07772277227722772,0.4166666666666667,0.18492849284928492,0.11551155115511551,0.06584158415841584,0.04273927392739274,0.04240924092409241,0.05
37,2005-2009,Lake View,1321.0,300.0,8944.0,9539.0,8626.0,6451.0,8214.0,10794.0,72383.44832,68957.0,3434.0,96539.0,77037.0,7268.0,3567.0,6661.0,96065.0,0.06899802152497954,0.03694879789515118,0.07528563585701116,0.7979883777540683,0.035571116336402905,0.7142916334331203,0.09264649519883156,0.09880980743533702,0.0893524896673883,0.06682273485327174,0.0850847843876568,0.11180973492578129
38,2005-2009,Lincoln Park,917.0,257.0,5854.0,4069.0,4157.0,3816.0,5257.0,9041.0,88213.56997,41372.0,2211.0,64631.0,52663.0,4238.0,2731.0,3712.0,61161.0,0.05743373922730578,0.04225526450155498,0.0655722486113475,0.8148257028361003,0.03420958982531602,0.6401262552026118,0.0905757299128901,0.06295740434156984,0.06431898005601028,0.05904287416255357,0.08133867648651576,0.13988643220745461
39,2005-2009,Lincoln Square,337.0,189.0,3499.0,3721.0,3747.0,2375.0,2106.0,2174.0,60137.85846,23356.0,2097.0,38622.0,24332.0,7483.0,1764.0,4015.0,38022.0,0.10395629434001347,0.0456734503650769,0.1937496763502667,0.6300036248770131,0.05429547926052509,0.6047330536999638,0.09059603334886852,0.09634405261250065,0.0970172440577909,0.06149344932939775,0.054528507068510174,0.05628916161773083
40,2005-2009,Logan Square,1652.0,111.0,6605.0,7378.0,5058.0,2914.0,3757.0,3335.0,52184.50263,40786.24041,3648.890552,72925.0,29951.0,35131.0,4710.0,1923.0,72448.0,0.026369557764826877,0.06458690435378814,0.4817415152553994,0.4107096331847789,0.05003620914638327,0.5592902353102502,0.09057250599931436,0.10117243743572163,0.06935893040795338,0.03995886184436064,0.05151868357901954,0.045731916352416864
41,2005-2009,Loop,1155.0,643.0,,,,,,,,,,,,,,,,,,,,,,,,,,,
42,2005-2009,Lower West Side,584.0,84.0,4170.0,4071.0,2035.0,935.0,748.0,296.0,36210.0053,17540.0,3296.0,36577.0,4562.0,30053.0,1175.0,367.0,36454.0,0.010033627689531673,0.03212401235749241,0.821636547557208,0.12472318670202587,0.09011127211088936,0.4795363206386527,0.1140060693878667,0.1112994504743418,0.055636055444678346,0.02556251196106843,0.020450009568854746,0.008092517155589578
43,2005-2009,Mckinley Park,210.0,0.0,,,,,,,,,,,,,,,,,,,,,,,,,,,
44,2005-2009,Montclare,121.0,71.0,1191.780069,1225.311569,826.9793814,487.65063,519.8270332,198.6311569,43075.71537,5447.296151,869.0250061,12452.56229,4798.605176,6436.245841,526.5083179,553.5486137,12323.34418,0.04445258741203213,0.04228112300412351,0.5168611640809547,0.3853508269421393,0.0697868427285739,0.43744379864491323,0.09570560991749112,0.09839834890719507,0.06641037901606031,0.03916066578455156,0.04174458405379315,0.015951026967318226
45,2005-2009,Morgan Park,595.0,17.0,1649.461538,1730.40293,1342.135531,1067.879121,1533.205128,696.025641,61351.47335,9478.041336,1677.746415,22700.91707,7193.130782,520.2057416,14511.58054,124.0,22299.91707,0.0054623343901762465,0.6392508503181806,0.02291562671216789,0.3168652068028545,0.07390654790846299,0.41751799307374854,0.07266056842169681,0.0762261244629092,0.05912252473595772,0.04704123263862485,0.06753934756345947,0.030660683832893276
46,2005-2009,Mount Greenwood,60.0,0.0,655.0,869.0,1039.0,1335.0,1652.0,1039.0,88697.95393,9157.0,878.0,18475.0,16318.0,937.0,937.0,169.0,17907.0,0.009147496617050067,0.05071718538565629,0.05071718538565629,0.8832476319350474,0.04752368064952639,0.4956427604871448,0.03545331529093369,0.047036535859269285,0.05623815967523681,0.0722598105548038,0.08941813261163735,0.05623815967523681
47,2005-2009,Near North Side,1642.0,380.0,9383.0,6410.0,8163.0,6167.0,7395.0,13240.0,80768.37636,51159.0,3839.0,80516.0,57777.0,4491.0,7625.0,8731.0,78732.0,0.10843807441999105,0.09470167420140096,0.05577773361816285,0.7175840826667992,0.047679964230711906,0.6353892394058324,0.116535843807442,0.07961150578766953,0.10138357593521785,0.07659347210492325,0.09184509911073575,0.1644393660887277
48,2005-2009,Near South Side,386.0,40.0,2161.0,2040.0,1758.0,1481.0,1774.0,2303.0,72033.2214,13361.0,693.0,20245.0,9143.0,1260.0,5585.0,3692.0,20049.0,0.18236601630032107,0.27587058532971104,0.06223758952827859,0.451617683378612,0.034230674240553226,0.6599654235613732,0.10674240553223018,0.10076562114102247,0.08683625586564583,0.07315386515188936,0.08762657446283033,0.11375648308224252
49,2005-2009,Near West Side,1950.0,271.0,6893.0,3191.0,3975.0,3160.0,4163.0,4283.0,67387.79872,30243.0,3614.0,54151.0,22669.0,4795.0,17319.0,7976.0,50255.0,0.14729183209913022,0.31982788868164946,0.08854868792820077,0.41862569481634687,0.06673930305996195,0.5584938412956363,0.12729220143672323,0.05892781296744289,0.07340584661409762,0.058355339698251185,0.07687761998855054,0.07909364554671197
50,2005-2009,New City,1596.0,5.0,4185.157895,3803.736842,1823.0,988.8421053,544.7368421,250.8947368,33097.76259,14446.54706,4330.762158,42036.34057,5746.28782,22494.5159,12647.0,547.8440652,41817.34057,0.01303262980962189,0.3008587291022607,0.5351206978290974,0.13669809840918795,0.10302424281648169,0.34366804684016766,0.09956047168356073,0.09048686899055637,0.04336723832951856,0.023523505897316502,0.012958712264520032,0.005968519937700182
51,2005-2009,North Center,258.0,89.0,1796.0,2251.0,2484.0,1738.0,2687.0,3768.0,86952.91657,20929.0,1150.0,33418.0,26348.0,4376.0,473.0,1392.0,33314.0,0.04165419833622599,0.014154048716260697,0.1309473936202047,0.7884373690825304,0.03441259201627865,0.6262792507032139,0.053743491531509965,0.06735890837273326,0.07433119875516189,0.05200789993416721,0.08040576934586151,0.11275360584116345
52,2005-2009,North Lawndale,2313.0,16.0,5680.0,2474.0,1395.0,752.0,347.0,204.0,23387.64721,9290.0,2506.0,36074.0,797.0,1800.0,33151.0,72.0,35296.0,0.0019958973221710927,0.9189721128790819,0.04989743305427732,0.022093474524588347,0.06946831513001053,0.2575261961523535,0.1574541220823862,0.06858124965349005,0.038670510617064925,0.020846038698231414,0.009619116261019016,0.005655042412818096
53,2005-2009,North Park,144.0,0.0,1857.0,1117.0,1090.0,838.0,820.0,714.0,54235.6875,8401.0,925.0,18739.0,9358.0,3428.0,314.0,5178.0,18117.0,0.27632210897059606,0.01675649714499173,0.18293398793959123,0.4993863066332248,0.04936229254495971,0.44831634558941247,0.09909813757404344,0.05960830353807567,0.05816745824216874,0.04471956881370404,0.043759005283099416,0.03810235338064998
54,2005-2009,Norwood Park,83.0,30.0,2291.566591,3044.914221,2448.556433,2373.544018,2509.8386,1869.442438,69430.39202,17980.55346,1786.319252,37328.91321,30024.92358,4924.734456,310.0660622,1707.189119,36727.78109,0.04573369466707815,0.008306324388702983,0.1319281498578619,0.8043342545519556,0.047853502778148524,0.4816789966224682,0.06138851613783695,0.08156985990645721,0.06559409911628661,0.0635846000832447,0.06723578010108375,0.05008028033077581
55,2005-2009,O'Hare,44.0,0.0,1561.358852,1699.450957,952.8636364,1179.964115,542.1028708,191.9784689,44880.96179,7259.558648,566.4552684,13742.97627,10144.69831,1877.083616,191.9966102,1165.19774,13729.97627,0.08478496339570556,0.013970526211204759,0.13658494194576676,0.73817331200267,0.04121780153521287,0.5282377343434066,0.11361140566096606,0.12365960062885273,0.06933459082513573,0.08585943043325943,0.039445812911965396,0.013969206169632715
56,2005-2009,Oakland,148.0,0.0,1585.0,446.0,246.0,121.0,164.0,181.0,21533.78409,2112.0,850.0,6260.0,180.0,229.0,5769.0,57.0,6249.0,0.009105431309904153,0.9215654952076677,0.0365814696485623,0.02875399361022364,0.13578274760383385,0.33738019169329075,0.2531948881789137,0.07124600638977636,0.03929712460063898,0.019329073482428114,0.02619808306709265,0.02891373801916933
57,2005-2009,Portage Park,686.0,66.0,4731.0,5863.391459,4472.071174,3075.743772,2908.6121,1450.72242,53847.0889,31697.35471,4585.841009,63613.58384,32424.35496,26387.22889,811.0,2715.0,63436.58384,0.04267956364207887,0.012748849397320797,0.41480494097563797,0.5097080372260315,0.07208902143501682,0.49827965658600126,0.0743709081365286,0.09217200329017024,0.0703005695332005,0.048350424332891974,0.04572312899892106,0.022805230147838185
58,2005-2009,Pullman,303.0,0.0,969.0,759.0,577.0,475.0,189.0,15.0,42938.80606,2872.0,847.0,7262.0,522.0,549.0,6131.0,39.0,7262.0,0.005370421371522997,0.8442577802258331,0.07559900853759295,0.07188102451115395,0.11663453594051225,0.3954833379234371,0.1334343156155329,0.10451666207656293,0.07945469567612228,0.06540897824290828,0.026025888185072982,0.0020655466813549986
59,2005-2009,Riverdale,368.0,0.0,1570.0,461.0,184.0,107.0,0.0,0.0,14204.39034,1434.0,760.0,6820.0,0.0,136.0,6678.0,0.0,6770.0,0.0,0.9791788856304985,0.01994134897360704,0.0,0.11143695014662756,0.21026392961876833,0.23020527859237536,0.06759530791788856,0.026979472140762465,0.015689149560117303,0.0,0.0
60,2005-2009,Rogers Park,1460.0,86.0,8092.0,6113.0,4026.0,1925.0,2580.0,1245.0,39269.40559,30380.0,2881.0,57559.0,21819.0,14280.0,15662.0,3876.0,54629.0,0.06733959936760542,0.27210340693896695,0.24809326082801994,0.3790719088239893,0.05005298910682952,0.5278062509772581,0.14058618113587798,0.1062040688684654,0.06994562101495856,0.03344394447436543,0.04482357233447419,0.021629979673031152
61,2005-2009,Roseland,2709.0,0.0,5254.0,4476.0,2799.0,1416.0,1182.0,397.0,37967.11247,14275.0,3629.0,45285.0,503.0,357.0,43581.0,217.0,44588.0,0.0047918736888594455,0.962371646240477,0.00788340510102683,0.011107430716572816,0.08013691067682456,0.31522579220492436,0.11602075742519598,0.09884067572043723,0.06180854587611792,0.03126863199735012,0.02610135806558463,0.00876669979021751
62,2005-2009,South Chicago,1757.0,12.0,4574.0,2995.0,1475.0,801.0,643.0,282.0,30559.4811,9548.0,2347.0,29458.0,927.0,6962.0,21206.0,86.0,29334.0,0.0029194106864009776,0.7198723606490597,0.23633647905492566,0.03146853146853147,0.07967275443003598,0.3241224794622853,0.15527191255346595,0.10167017448570846,0.0500712879353656,0.027191255346595153,0.021827686876230566,0.009572951320524136
63,2005-2009,South Deering,471.0,9.0,2207.0,1288.0,983.0,500.0,295.0,59.0,32278.30531,5772.0,1125.0,16445.0,891.0,5198.0,10022.0,49.0,16405.0,0.0029796290665855883,0.6094253572514442,0.31608391608391606,0.05418060200668896,0.06840985101854667,0.35098814229249015,0.13420492550927335,0.07832167832167833,0.05977500760109456,0.030404378230465188,0.01793858315597446,0.0035877166311948923
64,2005-2009,South Lawndale,1347.0,9.0,6382.0,5717.0,2498.0,1102.0,592.0,163.0,32837.37404,24549.0,4603.0,70557.0,3065.0,59370.0,7856.0,115.0,62094.0,0.0016298878920589027,0.11134260243491079,0.8414473404481483,0.04344005555791771,0.06523803449693157,0.3479314596709044,0.0904516915401732,0.0810266876426152,0.03540399960315773,0.015618577887381833,0.008390379409555395,0.0023101889252660967
65,2005-2009,South Shore,3493.0,36.0,10022.0,6013.0,3456.0,1697.0,1340.0,492.0,30421.32802,19838.26465,4887.142372,50138.0,762.0,843.0,47241.0,114.0,49305.0,0.002273724520323906,0.942219474251067,0.016813594479237304,0.015198053372691372,0.09747381969763454,0.395673234871754,0.19988830826917708,0.11992899597111971,0.06892975387929315,0.033846583429733935,0.02672623558977223,0.009812916350871594
66,2005-2009,Uptown,984.0,87.0,10540.0,5392.0,4157.0,3299.0,3265.0,2788.0,43513.89218,32104.0,3148.0,54995.0,28769.0,7010.0,11062.0,6402.0,52122.0,0.11641058278025275,0.20114555868715336,0.12746613328484407,0.5231202836621511,0.05724156741521957,0.5837621601963815,0.19165378670788252,0.09804527684334939,0.07558868988089826,0.05998727157014274,0.05936903354850441,0.05069551777434312
67,2005-2009,Washington Heights,1141.0,3.0,2651.0,2969.0,1600.0,883.0,1018.0,187.0,41347.55652,9320.0,2448.0,26021.0,257.0,189.0,25390.0,2.0,25804.0,7.686099688712963e-05,0.9757503554821106,0.00726336420583375,0.009876638099996157,0.09407786018984667,0.35817224549402404,0.10187925137389033,0.11410014987894393,0.0614887975097037,0.03393413012566773,0.03912224741554898,0.00718650320894662
68,2005-2009,Washington Park,1181.0,0.0,2180.0,1014.0,410.0,311.0,168.0,59.0,22903.26538,3331.0,1333.0,11146.0,20.0,132.0,10882.0,9.0,11056.0,0.0008074645612775884,0.9763143728691908,0.01184281356540463,0.0017943656917279742,0.11959447335366948,0.2988516059572941,0.1955858603983492,0.09097434057060828,0.03678449668042347,0.02790238650637,0.015072671810514983,0.005293378790597524
69,2005-2009,West Elsdon,235.0,0.0,1029.794643,1683.303571,956.9375,780.375,506.0,76.06696429,46535.32916,7874.965069,1581.240455,19005.64612,3376.93837,14826.12922,406.5308151,324.0477137,18994.64612,0.0170500761538961,0.021390002346313285,0.7800907754668853,0.17768079804697529,0.08319845823794597,0.4143487161277314,0.05418361662097494,0.08856860536978155,0.0503501693106343,0.04106016680899875,0.026623667346280147,0.004002335085569824
70,2005-2009,West Englewood,2653.0,0.0,4944.0,2972.0,1380.0,645.0,363.0,60.0,26450.92927,9013.0,5042.0,35294.0,429.0,904.0,33477.0,41.0,35043.0,0.0011616705389017963,0.9485181617272057,0.025613418711395705,0.012155040516801722,0.14285714285714285,0.2553691845639485,0.1400804669348898,0.08420694735649119,0.03910013033376778,0.01827506091686972,0.010285034283447611,0.0017000056666855556
71,2005-2009,West Garfield Park,1702.0,0.0,2900.814558,1394.140381,767.1923744,440.0,204.0,9.0,24502.29128,4916.26939,1707.800474,19384.86264,274.0994671,240.2510361,18771.25636,18.0,19176.86264,0.0009285595845728418,0.9683461115306619,0.012393744570789489,0.01413987151677852,0.08809969437059678,0.2536138368014766,0.14964328671662955,0.0719190229454213,0.03957687958112867,0.022698123178447244,0.010523675291825539,0.0004642797922864209
72,2005-2009,West Lawn,562.0,5.0,2022.0,2692.0,1895.0,1278.0,896.0,328.0,47702.35797,13726.0,1450.0,32950.0,5514.0,26078.0,1041.0,95.0,32935.0,0.002883156297420334,0.03159332321699545,0.7914415781487102,0.16734446130500757,0.04400606980273141,0.41657056145675264,0.06136570561456753,0.08169954476479514,0.05751138088012139,0.03878603945371775,0.027192716236722307,0.009954476479514416
73,2005-2009,West Pullman,1438.0,7.0,3216.728782,2246.158672,1865.48524,993.6549816,724.7472325,319.0461255,39878.27664,9993.97714,2379.993588,30770.79033,390.4813847,1388.0,28757.30895,0.0,30671.79033,0.0,0.9345651717617095,0.04510771368282889,0.012690001800808474,0.07734587127843849,0.3247877949451421,0.10453838681107415,0.07299645696165646,0.06062519746791307,0.032292150150957794,0.023553091250743965,0.01036847354515122
74,2005-2009,West Ridge,837.0,85.0,6281.0,6941.0,4195.0,2626.0,2658.0,1701.0,45367.44011,32006.0,3092.0,73705.0,31779.0,15260.0,7683.0,17078.0,72242.0,0.23170748253171428,0.10423987517807476,0.20704158469574654,0.4311647785089207,0.04195102096194288,0.4342446238382742,0.08521809917916016,0.09417271555525406,0.056916084390475546,0.035628519096397804,0.03606268231463266,0.02307848856929652
75,2005-2009,West Town,2166.0,259.0,7579.0,6493.0,6187.0,4619.0,6104.0,6750.0,69154.63441,53758.75959,3770.109448,84948.0,48721.0,24083.0,7106.0,3448.0,84369.0,0.040589537128596316,0.08365117483637048,0.2835028488016198,0.5735391062767811,0.044381379761736596,0.6328431462777229,0.0892192870932806,0.07643499552667514,0.07283279182558741,0.05437444083439281,0.07185572350143617,0.07946037575928803
76,2005-2009,Woodlawn,1814.0,28.0,4412.0,2244.0,1039.0,550.0,530.0,207.0,25796.21169,7747.735352,2483.857628,21833.0,1630.0,385.0,18927.0,515.0,20777.0,0.02358814638391426,0.8668987312783402,0.017633857005450466,0.07465762836073833,0.11376620840012826,0.35486352548893874,0.2020794210598635,0.10278019511748271,0.04758851280172216,0.025191224293500663,0.024275179773737002,0.009481060779553886
77,2010-2014,Albany Park,603.0,91.0,4018.0,3776.0,3187.0,1908.0,1947.0,1590.0,53029.6457,26928.0,3004.0,52930.0,15421.0,26892.0,2017.0,7387.0,51406.0,0.13956168524466275,0.03810693368600038,0.5080672586434914,0.2913470621575666,0.05675420366521821,0.5087474022293595,0.07591158133383714,0.07133950500661251,0.060211600226714526,0.036047610051010766,0.03678443226903457,0.030039675042508974
78,2010-2014,Archer Heights,273.0,10.0,871.0,1386.0,768.0,347.0,420.0,127.0,42211.53846,5963.0,995.0,13971.0,2884.0,10568.0,109.0,330.0,13961.0,0.02362035645265192,0.007801875313148665,0.756424021186744,0.20642760002863073,0.07121895354663231,0.4268126834156467,0.06234342566745401,0.09920549710113807,0.0549710113807172,0.024837162694152173,0.03006227184882972,0.009090258392384224
79,2010-2014,Armour Square,376.0,36.0,2669.0,1030.0,661.0,284.0,396.0,128.0,23805.24862,6022.0,1070.0,13907.0,1636.0,551.0,1479.0,9772.0,13898.0,0.702667721291436,0.10634932048608614,0.039620335083051704,0.11763859926655641,0.07693967066944704,0.43301934277701876,0.19191773926799455,0.07406342129862659,0.04753002085280794,0.020421370532825195,0.028474868771122458,0.009203997986625441
80,2010-2014,Ashburn,634.0,1.0,1984.0,2732.0,2545.0,2198.0,2314.0,949.0,66017.96407,18999.0,2842.0,42809.0,6232.0,15384.0,20584.0,195.0,42223.0,0.004555116914667477,0.48083346959751455,0.35936368520638184,0.14557686467798828,0.0663879090845383,0.44380854493214045,0.0463453946600014,0.06381835595318741,0.05945011562989091,0.051344343479174936,0.05405405405405406,0.022168235651381717
81,2010-2014,Auburn Gresham,2294.0,3.0,7403.0,4381.0,2849.0,1248.0,874.0,403.0,30000.0,14671.0,5722.0,47611.0,175.0,672.0,46204.0,126.0,47510.0,0.00264644724958518,0.9704480057129655,0.014114385331120959,0.0036756211799794164,0.12018231081052698,0.3081430761798744,0.15548927768792925,0.0920165507970847,0.059839112810064904,0.02621242990065321,0.0183571023502972,0.0084644304887526
82,2010-2014,Austin,4940.0,7.0,13223.0,8922.0,4565.0,2587.0,2050.0,930.0,31434.91124,32579.0,9219.0,99711.0,4213.0,10249.0,83987.0,475.0,98492.0,0.004763767287460761,0.8423042593094042,0.10278705458775862,0.042252108593836185,0.09245720131179108,0.32673426201722977,0.13261325229914453,0.08947859313415772,0.04578231087843869,0.025944980995075768,0.02055941671430434,0.009326954899660017
83,2010-2014,Avalon Park,535.0,7.0,1143.0,1029.0,472.0,504.0,528.0,155.0,44583.33333,3820.0,1091.0,10071.0,219.0,59.0,9695.0,30.0,10066.0,0.002978850163836759,0.9626650779465793,0.005858405322212293,0.021745606196008342,0.1083308509581968,0.37930692086188067,0.11349419124218052,0.10217456061960084,0.046867242577698344,0.050044682752457555,0.052427762883526956,0.01539072584648992
84,2010-2014,Avondale,535.0,55.0,3405.0,4250.0,2602.0,1336.0,1194.0,773.0,44447.3342,19685.0,1840.0,39117.0,12629.0,23537.0,873.0,1297.0,39050.0,0.033156939438095966,0.022317662397423114,0.6017076974205589,0.32285195694966384,0.047038372063297286,0.5032338880793517,0.08704655264974308,0.10864841373315949,0.06651839353733671,0.03415394841117673,0.030523813175857045,0.01976122913311348
85,2010-2014,Belmont Cragin,1120.0,47.0,5534.0,6606.0,4448.0,2067.0,2135.0,691.0,43223.47267,34013.0,5649.0,79022.0,11228.0,62768.0,2802.0,1272.0,78716.0,0.01609678317430589,0.03545847991698514,0.7943104451924781,0.14208701374300828,0.07148642150287261,0.43042443876388853,0.07003113057123332,0.08359697299486218,0.05628812229505707,0.02615727265824707,0.02701779251347726,0.008744400293589126
86,2010-2014,Beverly,193.0,18.0,704.0,1143.0,1083.0,1169.0,1477.0,1950.0,92814.37126,10310.0,828.0,21002.0,11761.0,1169.0,7601.0,83.0,20978.0,0.003952004570993239,0.3619179125797543,0.05566136558423007,0.5599942862584516,0.03942481668412532,0.4909056280354252,0.03352061708408723,0.054423388248738214,0.05156651747452624,0.05566136558423007,0.07032663555851823,0.09284830016188934
87,2010-2014,Bridgeport,249.0,26.0,3618.0,3322.0,2027.0,1433.0,1055.0,676.0,41819.06615,15780.0,2400.0,31882.0,10411.0,8933.0,874.0,10846.0,31846.0,0.3401919578445518,0.027413587604290822,0.2801894485916818,0.32654789536415535,0.0752775860987391,0.49495012859920956,0.1134809610438492,0.1041967254250047,0.06357819459256006,0.044946992033122135,0.03309077222257073,0.021203186751144847
88,2010-2014,Brighton Park,546.0,15.0,3578.0,4741.0,1938.0,888.0,661.0,178.0,35754.06032,17802.0,3093.0,44130.0,2950.0,37509.0,577.0,3032.0,44015.0,0.0687060956265579,0.013075005665080444,0.8499660095173351,0.06684794924087922,0.07008837525492861,0.40339904826648537,0.08107863131656469,0.1074325855427147,0.043915703602991164,0.020122365737593472,0.01497847269431226,0.004033537276229323
89,2010-2014,Burnside,96.0,17.0,448.0,178.0,154.0,40.0,48.0,33.0,25480.76923,909.0,175.0,2618.0,0.0,0.0,2618.0,0.0,2618.0,0.0,1.0,0.0,0.0,0.06684491978609626,0.3472116119174943,0.1711229946524064,0.06799083269671505,0.058823529411764705,0.015278838808250574,0.01833460656990069,0.012605042016806723
90,2010-2014,Calumet Heights,488.0,0.0,1151.0,1369.0,984.0,823.0,718.0,280.0,52761.62791,4781.0,1287.0,13400.0,269.0,519.0,12462.0,19.0,13395.0,0.001417910447761194,0.93,0.03873134328358209,0.02007462686567164,0.09604477611940299,0.3567910447761194,0.0858955223880597,0.10216417910447761,0.07343283582089552,0.061417910447761195,0.0535820895522388,0.020895522388059702
91,2010-2014,Chatham,2106.0,0.0,5331.0,3570.0,2172.0,1132.0,838.0,439.0,33976.74419,11802.0,3449.0,31520.0,203.0,230.0,30662.0,90.0,31481.0,0.0028553299492385786,0.9727791878172589,0.007296954314720812,0.006440355329949239,0.10942258883248732,0.37442893401015226,0.1691307106598985,0.11326142131979695,0.06890862944162436,0.035913705583756346,0.026586294416243654,0.013927664974619289
92,2010-2014,Chicago Lawn,2115.0,0.0,6138.0,4848.0,2407.0,1464.0,778.0,201.0,32789.91597,19258.0,5560.0,56293.0,1854.0,25583.0,27974.0,421.0,56015.0,0.007478727372852752,0.49693567583891424,0.4544614783365605,0.03293482315740856,0.09876894107615512,0.3421029257634164,0.10903664754054679,0.08612083207503597,0.042758424670918234,0.026006785923649477,0.013820546071447604,0.0035706038050912193
93,2010-2014,Clearing,90.0,0.0,1766.0,1680.0,1808.0,1334.0,1350.0,502.0,60284.62998,11858.0,1359.0,24452.0,11776.0,12005.0,167.0,345.0,24441.0,0.014109275314902666,0.006829707181416653,0.49096188450842465,0.48159659741534433,0.05557827580566007,0.4849501063307705,0.0722231310322264,0.06870603631604777,0.0739407819401276,0.05455586455095698,0.055210207753966956,0.02053001799443808
94,2010-2014,Douglas,622.0,19.0,4093.0,1778.0,1620.0,710.0,489.0,381.0,32530.76923,7815.0,1757.0,19430.0,2329.0,426.0,13815.0,2540.0,16786.0,0.13072568193515183,0.7110138960370561,0.021924858466289242,0.11986618630983016,0.09042717447246526,0.4022130725681935,0.21065362840967575,0.09150797735460628,0.08337622233659289,0.03654143077714874,0.0251672671127123,0.019608852290272774
95,2010-2014,Dunning,167.0,41.0,2998.0,3457.0,2838.0,2318.0,2681.0,1009.0,61181.99663,21828.0,2253.0,43053.0,29060.0,11255.0,694.0,1583.0,42912.0,0.03676863400924442,0.016119666457622,0.26142196827166514,0.6749819989315495,0.05233084802452791,0.5070029963068776,0.06963510092211925,0.08029637888184331,0.06591875130652916,0.05384061505586138,0.06227208324623139,0.023436229763314984
96,2010-2014,East Garfield Park,1484.0,4.0,3656.0,1501.0,775.0,539.0,271.0,138.0,22313.89578,5504.0,1429.0,20262.0,827.0,680.0,18535.0,59.0,19498.0,0.002911854703385648,0.9147665580890336,0.03356035929325832,0.040815319316947984,0.07052610798539137,0.2716414963971967,0.18043628467081235,0.07407955779291284,0.0382489389004047,0.026601520086862108,0.013374790247754417,0.006810778797749482
97,2010-2014,East Side,129.0,0.0,1746.0,1982.0,1245.0,748.0,689.0,300.0,43720.62663,9140.0,1978.0,23700.0,4074.0,19121.0,398.0,34.0,23690.0,0.0014345991561181435,0.01679324894514768,0.8067932489451477,0.17189873417721518,0.08345991561181434,0.3856540084388186,0.07367088607594936,0.08362869198312237,0.052531645569620256,0.031561181434599156,0.02907172995780591,0.012658227848101266
98,2010-2014,Edgewater,565.0,64.0,8188.0,7167.0,4755.0,3133.0,2980.0,2446.0,44482.8156,31169.0,3202.0,55276.0,30151.0,9007.0,7685.0,6482.0,52352.0,0.11726608292930024,0.13902959693176062,0.16294594399015846,0.5454627686518562,0.0579274911353933,0.5638794413488675,0.14812938707576526,0.12965844127650336,0.08602286706708155,0.05667920978363123,0.053911281568854476,0.04425066936826109
99,2010-2014,Edison Park,9.0,12.0,489.0,841.0,714.0,741.0,792.0,848.0,80651.1471,5612.0,405.0,10844.0,9560.0,854.0,117.0,216.0,10839.0,0.019918849133161196,0.010789376613795648,0.07875322759129473,0.8815935079306529,0.03734784212467724,0.5175212098856511,0.04509406123201771,0.07755440796753965,0.06584286241239395,0.0683327185540391,0.07303578015492439,0.0781999262264847
100,2010-2014,Englewood,2297.0,14.0,5640.0,2042.0,1027.0,287.0,295.0,70.0,18959.58084,6536.0,3805.0,27297.0,226.0,543.0,26054.0,73.0,27168.0,0.0026742865516357107,0.9544638604974905,0.019892295856687548,0.008279298091365352,0.13939260724621752,0.23944023152727406,0.20661611166062205,0.07480675532109755,0.037623182034655825,0.010513975894786974,0.010807048393596365,0.0025643843645821885
101,2010-2014,Forest Glen,18.0,9.0,738.0,1138.0,907.0,705.0,1393.0,1802.0,94822.69504,8864.0,584.0,18501.0,13292.0,2358.0,31.0,2551.0,18469.0,0.13788443867899033,0.0016755851035079184,0.12745257013134426,0.7184476514782985,0.031565861304794336,0.47910923733852223,0.03988973568996271,0.06151018863845197,0.04902437706069942,0.03810604832171234,0.07529322739311388,0.09740014053294417
102,2010-2014,Fuller Park,364.0,0.0,670.0,239.0,81.0,71.0,57.0,12.0,17218.04511,692.0,386.0,2621.0,84.0,216.0,2294.0,14.0,2608.0,0.00534147272033575,0.8752384586035864,0.08241129339946585,0.032048836322014496,0.14727203357497137,0.2640213658908813,0.25562762304463943,0.09118657001144602,0.030904235024799696,0.027088897367417018,0.02174742464708127,0.004578405188859214
103,2010-2014,Gage Park,678.0,5.0,2772.0,3355.0,1736.0,929.0,550.0,109.0,37940.95665,16275.0,3140.0,40381.0,1421.0,37260.0,1336.0,333.0,40333.0,0.008246452539560684,0.03308486664520443,0.9227111760481415,0.03518981699314034,0.07775934226492658,0.4030360813253758,0.06864614546445111,0.0830836284391174,0.042990515341373416,0.02300586909685248,0.013620266957232362,0.0026992892697060497
104,2010-2014,Garfield Ridge,229.0,46.0,2180.0,2589.0,2292.0,1565.0,2088.0,1219.0,62042.22573,15818.0,2164.0,34724.0,17160.0,15297.0,1461.0,507.0,34528.0,0.014600852436355258,0.04207464577813616,0.4405310448105057,0.49418269784587027,0.06232000921552817,0.4555350766040779,0.06278078562377606,0.07455938255961295,0.06600622048151135,0.04506969243174749,0.06013132127635065,0.03510540260338671
105,2010-2014,Grand Boulevard,1004.0,0.0,4400.0,1953.0,1389.0,853.0,641.0,554.0,30917.72152,8142.0,2482.0,22283.0,702.0,474.0,20526.0,102.0,21994.0,0.0045774805905847505,0.9211506529641431,0.02127182156801149,0.03150383700578917,0.11138536103756226,0.3653906565543239,0.19745994704483238,0.08764529013149037,0.062334515101198223,0.03828030337028228,0.028766324103576716,0.024862002423372078
106,2010-2014,Greater Grand Crossing,2290.0,0.0,5853.0,2750.0,1798.0,778.0,550.0,303.0,26076.61823,10642.0,3699.0,32849.0,419.0,602.0,31332.0,20.0,32331.0,0.0006088465402295352,0.9538189899235897,0.018326280860909008,0.012755335017808761,0.11260616761545253,0.32396724405613564,0.17817893999817347,0.08371639928156108,0.05473530396663521,0.02368413041492892,0.016743279856312215,0.009224025084477458
107,2010-2014,Hegewisch,48.0,0.0,947.0,833.0,613.0,479.0,393.0,293.0,50000.0,3915.0,406.0,9377.0,3983.0,4914.0,408.0,16.0,9360.0,0.0017063026554335074,0.04351071771355444,0.524048203050016,0.4247627172869788,0.04329742988162525,0.41751093100138637,0.10099178841847073,0.08883438199850699,0.06537272048629626,0.05108243574704063,0.04191105897408553,0.031246667377626106
108,2010-2014,Hermosa,335.0,0.0,2054.0,2226.0,1275.0,676.0,523.0,169.0,37494.63519,11382.0,1605.0,24836.0,1814.0,22174.0,377.0,204.0,24822.0,0.008213883072958608,0.015179578031889194,0.8928168787244323,0.07303913673699469,0.06462393300048316,0.45828635851183763,0.08270252858753423,0.08962795941375423,0.051336769205991305,0.027218553712353037,0.021058141407634078,0.006804638428088259
109,2010-2014,Humboldt Park,2057.0,22.0,6538.0,4528.0,2636.0,1518.0,797.0,417.0,32484.30493,18769.0,3992.0,54515.0,2863.0,28095.0,22604.0,270.0,54194.0,0.004952765293955792,0.4146381729799138,0.5153627441988443,0.05251765569109419,0.07322755204989452,0.34429056223057874,0.11993029441438137,0.08305970833715491,0.04835366412913877,0.02784554709712923,0.014619829404750985,0.007649270842887279
110,2010-2014,Hyde Park,451.0,59.0,3689.0,2635.0,2436.0,969.0,1364.0,1352.0,48724.87437,13225.0,1201.0,26705.0,12298.0,1681.0,8519.0,3242.0,23883.0,0.12140048680022468,0.31900393184796855,0.06294701366785246,0.4605130125444673,0.04497285152593147,0.49522561318105224,0.1381389252948886,0.09867066092492043,0.09121887287024902,0.036285339824003,0.05107657741995881,0.05062722336641078
111,2010-2014,Irving Park,595.0,0.0,4401.0,6031.0,3224.0,2470.0,2438.0,1749.0,48858.74068,29088.0,2922.0,56490.0,22492.0,26558.0,1646.0,4287.0,56020.0,0.07588953797132236,0.0291379005133652,0.4701363073110285,0.39815896618870594,0.05172596919808816,0.514922995220393,0.0779075942644716,0.10676225880686847,0.057072048150115066,0.04372455301823332,0.04315808107629669,0.03096123207647371
112,2010-2014,Jefferson Park,111.0,31.0,2125.0,2151.0,1574.0,1414.0,1657.0,1194.0,62420.63492,13108.0,1508.0,26975.0,18362.0,5374.0,340.0,2341.0,26946.0,0.08678405931417979,0.012604263206672845,0.19922150139017608,0.6807043558850788,0.055903614457831326,0.48593141797961076,0.07877664504170528,0.07974050046339203,0.05835032437442076,0.05241890639481001,0.061427247451343835,0.04426320667284523
113,2010-2014,Kenwood,399.0,21.0,3214.0,2084.0,1198.0,721.0,922.0,991.0,39631.57895,7979.0,1304.0,18217.0,3236.0,701.0,12362.0,1492.0,17900.0,0.0819015205577208,0.678596914969534,0.03848054015480046,0.1776362738101773,0.0715814898172037,0.4379974748860954,0.17642861063841467,0.11439863863424274,0.06576274908052918,0.03957841576549377,0.05061206565296152,0.054399736509853434
114,2010-2014,Lake View,1542.0,192.0,8473.0,8994.0,8399.0,6421.0,8853.0,11085.0,75959.74147,70518.0,3123.0,97968.0,78123.0,7133.0,3430.0,6639.0,97531.0,0.06776702596766292,0.03501143230442594,0.07280948881267353,0.7974338559529642,0.03187775600195982,0.7198064674179324,0.08648742446513147,0.09180548750612445,0.08573207577984648,0.065541809570472,0.09036624203821655,0.11314919157275845
115,2010-2014,Lincoln Park,679.0,155.0,5587.0,4051.0,4411.0,3653.0,5238.0,9331.0,89279.35943,42252.0,2117.0,65951.0,53345.0,4771.0,2691.0,3633.0,62280.0,0.0550863519885976,0.04080302042425437,0.07234158693575533,0.8088580916134706,0.03209958908886901,0.6406574578095859,0.08471440918257495,0.06142439083562039,0.06688298888568786,0.055389607435823565,0.07942260162848175,0.14148382890327668
116,2010-2014,Lincoln Square,231.0,94.0,3609.0,3721.0,3229.0,2249.0,2342.0,2573.0,62536.71072,23757.0,2037.0,39547.0,25865.0,6236.0,1525.0,4738.0,38962.0,0.11980681214757125,0.03856171138139429,0.15768579158975396,0.6540319113965661,0.051508331858295196,0.6007282474018256,0.09125850254128,0.09409057577060206,0.08164968265608011,0.056869041899511974,0.059220674134574054,0.06506182517005082
117,2010-2014,Logan Square,1195.0,83.0,6707.0,6353.0,5227.0,3033.0,3741.0,3737.0,55769.06506,41082.0,3164.0,73163.0,31332.0,34648.0,3917.0,1789.0,72700.0,0.02445225045446469,0.053537990514331016,0.4735727075160942,0.42824925167092653,0.04324590298374861,0.5615133332422126,0.0916720200101144,0.08683350874075695,0.0714432158331397,0.041455380451867745,0.05113240299058267,0.05107773054686112
118,2010-2014,Loop,1069.0,437.0,,,,,,,,,,,,,,,,,,,,,,,,,,,
119,2010-2014,Lower West Side,366.0,50.0,4020.0,3707.0,2146.0,944.0,745.0,339.0,35115.8147,16252.0,2716.0,34979.0,4303.0,28661.0,1294.0,383.0,34858.0,0.010949426798936505,0.036993624746276335,0.8193773406901284,0.12301666714314304,0.07764658795277166,0.4646216301209297,0.11492609851625261,0.10597787243774837,0.061351096372108976,0.02698762114411504,0.021298493381743333,0.009691529203236227
120,2010-2014,Mckinley Park,160.0,0.0,,,,,,,,,,,,,,,,,,,,,,,,,,,
121,2010-2014,Montclare,76.0,31.0,1082.0,1479.0,655.0,548.0,491.0,173.0,41592.52669,5595.0,786.0,12887.0,4072.0,7503.0,466.0,741.0,12789.0,0.05749980600605261,0.03616047179328005,0.582214634903391,0.315977341506945,0.06099169705905176,0.43415845425622723,0.08396058042989059,0.11476681927523862,0.05082641421587646,0.04252347326763405,0.03810041126716846,0.01342438115930783
122,2010-2014,Morgan Park,450.0,15.0,1839.0,1543.0,1284.0,1313.0,1190.0,786.0,61446.85039,9187.0,1615.0,23220.0,6938.0,625.0,15132.0,52.0,22863.0,0.002239448751076658,0.6516795865633075,0.026916451335055987,0.29879414298018947,0.06955211024978467,0.39565030146425495,0.07919896640826873,0.06645133505598622,0.05529715762273902,0.056546080964685615,0.0512489233419466,0.033850129198966405
123,2010-2014,Mount Greenwood,39.0,0.0,696.0,864.0,1030.0,1049.0,1785.0,992.0,89728.31268,8734.0,822.0,18357.0,15870.0,1040.0,826.0,410.0,17696.0,0.022334804161900094,0.04499645911641336,0.05665413738628316,0.8645203464618402,0.04477855858800458,0.47578580378057417,0.037914691943127965,0.04706651413629678,0.05610938606526121,0.05714441357520292,0.09723811080241869,0.05403933104537779
124,2010-2014,Near North Side,1358.0,258.0,9823.0,6647.0,7804.0,6399.0,8061.0,14230.0,83626.34787,54436.0,3936.0,84305.0,60299.0,4828.0,7908.0,9031.0,82501.0,0.10712294644445762,0.09380226558329874,0.057268252179586025,0.7152482059189846,0.046687622323705595,0.6457031018326315,0.11651740703398375,0.0788446711345709,0.09256864954629025,0.07590297135401222,0.09561710456082083,0.16879188660221814
125,2010-2014,Near South Side,242.0,41.0,2135.0,2235.0,1982.0,1450.0,2034.0,2763.0,74315.21739,14744.0,746.0,22021.0,10087.0,1424.0,5558.0,4246.0,21818.0,0.1928159484128786,0.2523954407156805,0.06466554652377277,0.4580627582761909,0.03387675400753826,0.6695427092320967,0.09695290858725762,0.1014940284274102,0.09000499523182416,0.06584623768221243,0.09236637754870351,0.12547114118341582
126,2010-2014,Near West Side,1683.0,240.0,7127.0,3217.0,3814.0,3292.0,4547.0,4976.0,70925.36408,33063.0,3974.0,58899.0,25091.0,6046.0,17802.0,8731.0,54457.0,0.1482368121699859,0.3022462181021749,0.10265029966552913,0.42600044143364063,0.06747143414998556,0.5613507869403556,0.12100375218594543,0.05461892392060986,0.06475491943836058,0.05589229019168407,0.07719995246099255,0.08448360753153704
127,2010-2014,New City,1120.0,6.0,4585.0,3612.0,1665.0,875.0,500.0,272.0,30769.00238,13923.0,4617.0,41520.0,5441.0,23511.0,11217.0,913.0,41216.0,0.02198940269749518,0.27015895953757224,0.566257225433526,0.13104527938342966,0.11119942196531792,0.3353323699421965,0.11042870905587669,0.08699421965317919,0.04010115606936416,0.02107418111753372,0.012042389210019268,0.006551059730250481
128,2010-2014,North Center,192.0,57.0,1528.0,2103.0,2341.0,2021.0,2751.0,3926.0,91860.46512,21591.0,1038.0,34815.0,27043.0,4817.0,594.0,1313.0,34729.0,0.0377136291828235,0.017061611374407582,0.138359902340945,0.7767628895590981,0.02981473502800517,0.6201637225333908,0.04388912824931782,0.06040499784575614,0.067241131696108,0.058049691225046676,0.07901766479965532,0.11276748527933363
129,2010-2014,North Lawndale,2205.0,18.0,5665.0,2524.0,1380.0,587.0,482.0,117.0,23324.59207,9257.0,3149.0,35623.0,713.0,2358.0,32077.0,84.0,34771.0,0.002358027117311849,0.9004575695477641,0.06619318979311119,0.020015158745754148,0.08839794514779777,0.2598602026780451,0.15902647166156697,0.07085310052494175,0.03873901692726609,0.016478118069786375,0.013530584173146563,0.003284394913398647
130,2010-2014,North Park,132.0,0.0,1788.0,1328.0,977.0,895.0,743.0,745.0,52590.23355,8389.0,929.0,18058.0,8998.0,3864.0,531.0,4359.0,17415.0,0.24138885812382324,0.02940524975080297,0.213977184627312,0.4982833093365821,0.051445342784361504,0.4645586443681471,0.09901428729648909,0.07354081293609481,0.05410344445675047,0.049562520766419316,0.04114519880385425,0.04125595304020379
131,2010-2014,Norwood Park,63.0,10.0,2527.0,2677.0,2339.0,2301.0,2612.0,1940.0,71071.15821,17723.0,1724.0,36651.0,29745.0,4529.0,343.0,1359.0,36074.0,0.03707947941393141,0.009358544105208588,0.12357098032795831,0.8115740361790947,0.04703827999236037,0.4835611579493056,0.06894764126490409,0.0730402990368612,0.06381817685738451,0.06278137022182205,0.07126681400234645,0.05293170718397861
132,2010-2014,O'Hare,45.0,0.0,1922.0,1451.0,1224.0,929.0,475.0,221.0,43702.2293,6818.0,666.0,14329.0,10543.0,1678.0,152.0,1372.0,14316.0,0.09574987787005373,0.010607858189685253,0.11710517133086747,0.7357805848279713,0.0464791681205946,0.4758182706399609,0.13413357526694117,0.1012631725870612,0.08542117384325494,0.06483355433037895,0.033149556842766416,0.015423267499476586
133,2010-2014,Oakland,126.0,0.0,1409.0,663.0,298.0,73.0,141.0,226.0,24841.26984,2274.0,865.0,6473.0,147.0,122.0,6052.0,140.0,6473.0,0.021628302178279005,0.934960605592461,0.018847520469643133,0.022709717287192954,0.13363200988722385,0.35130542252433183,0.217673412637108,0.10242545960142128,0.046037386065193885,0.011277614707245481,0.021782790050980997,0.03491425923065039
134,2010-2014,Portage Park,470.0,38.0,4903.0,5323.0,4582.0,3105.0,3007.0,1565.0,55212.82051,32973.0,4439.0,64421.0,32750.0,26979.0,827.0,2866.0,64320.0,0.04448859843839742,0.01283742878874901,0.4187920088170007,0.5083745983452601,0.068906102047469,0.5118362024805576,0.07610872231104764,0.08262833548066624,0.07112587510283913,0.04819856878968038,0.04667732571676938,0.024293320501078842
135,2010-2014,Pullman,187.0,0.0,1059.0,711.0,536.0,350.0,252.0,19.0,38286.51685,2647.0,917.0,6970.0,605.0,570.0,5735.0,42.0,6970.0,0.006025824964131995,0.8228120516499282,0.08177905308464849,0.08680057388809183,0.1315638450502152,0.37977044476327115,0.15193687230989958,0.10200860832137733,0.07690100430416069,0.05021520803443329,0.036154949784791966,0.00272596843615495
136,2010-2014,Riverdale,267.0,0.0,1545.0,493.0,171.0,92.0,15.0,0.0,14390.49587,1496.0,1016.0,7190.0,74.0,180.0,6910.0,0.0,7142.0,0.0,0.96105702364395,0.025034770514603615,0.010292072322670376,0.14130737134909596,0.20806675938803895,0.2148817802503477,0.06856745479833101,0.023783031988873434,0.012795549374130737,0.002086230876216968,0.0
137,2010-2014,Rogers Park,990.0,70.0,8502.0,5690.0,3836.0,2092.0,2209.0,1158.0,37932.09877,28748.0,2960.0,55053.0,22094.0,13530.0,14325.0,3526.0,51777.0,0.06404737253192379,0.26020380360743284,0.24576317366900988,0.401322362087443,0.05376637058834214,0.5221877100248851,0.15443300092638004,0.103354948867455,0.06967830999218934,0.03799974569959857,0.04012497048298912,0.02103427606125007
138,2010-2014,Roseland,2201.0,0.0,4994.0,4035.0,2798.0,1306.0,1151.0,365.0,38105.9719,13623.0,4528.0,44267.0,471.0,489.0,42822.0,150.0,43593.0,0.003388528700838096,0.9673571735152596,0.011046603564732194,0.010639980120631621,0.10228838638263266,0.3077461766101159,0.11281541554656968,0.09115142205254478,0.06320735536629996,0.02950278988863036,0.026001310231097658,0.008245419838706034
139,2010-2014,South Chicago,1318.0,8.0,4591.0,2819.0,1262.0,726.0,444.0,334.0,29518.18182,9533.0,2627.0,28550.0,875.0,6494.0,20802.0,106.0,28392.0,0.003712784588441331,0.72861646234676,0.22746059544658495,0.03064798598949212,0.09201401050788091,0.33390542907180387,0.16080560420315237,0.09873905429071804,0.044203152364273204,0.025429071803852888,0.015551663747810859,0.01169877408056042
140,2010-2014,South Deering,464.0,0.0,1962.0,1349.0,820.0,439.0,339.0,93.0,33625.49801,5299.0,1472.0,15570.0,709.0,4931.0,9722.0,36.0,15499.0,0.0023121387283236996,0.6244059087989724,0.31669877970456006,0.04553628773281952,0.0945407835581246,0.3403339755940912,0.1260115606936416,0.08664097623635196,0.05266538214515093,0.028195247270391778,0.021772639691714835,0.005973025048169557
141,2010-2014,South Lawndale,1266.0,8.0,6899.0,6234.0,2568.0,957.0,659.0,130.0,31385.56338,24642.0,4519.0,72881.0,2393.0,61499.0,8570.0,170.0,64697.0,0.0023325695311535244,0.11758894636462178,0.8438276093906505,0.03283434640029637,0.0620051865369575,0.33811281403932436,0.09466115997310684,0.08553669680712395,0.035235520917660294,0.013130994360670133,0.009042137182530427,0.001783729641470342
142,2010-2014,South Shore,2616.0,20.0,10737.0,5368.0,3344.0,1664.0,1125.0,491.0,27391.3872,18963.0,5500.0,51450.0,928.0,1179.0,48198.0,155.0,50502.0,0.003012633624878523,0.9367930029154519,0.022915451895043733,0.018036929057337222,0.10689990281827016,0.36857142857142855,0.2086880466472303,0.10433430515063168,0.06499514091350826,0.03234207968901846,0.021865889212827987,0.009543245869776482
143,2010-2014,Uptown,698.0,45.0,10320.0,5357.0,4075.0,3387.0,3284.0,2872.0,44288.14383,31483.0,3532.0,54062.0,28972.0,6964.0,10785.0,5285.0,51362.0,0.09775812955495543,0.199493174503348,0.1288150641855647,0.5359032222263327,0.06533239613776774,0.5823498945654989,0.1908919388849839,0.09908993377973438,0.07537641966630905,0.06265029040731013,0.06074507047464023,0.05312419074396064
144,2010-2014,Washington Heights,941.0,1.0,2744.0,2743.0,1512.0,1110.0,983.0,191.0,40607.31132,9977.0,3012.0,26435.0,198.0,359.0,25394.0,1.0,26213.0,3.782863627766219e-05,0.9606203896349537,0.013580480423680727,0.007490069982977114,0.11393985246831852,0.37741630414223565,0.10380177794590505,0.10376394930962739,0.057196898051825235,0.04198978626820503,0.037185549460941936,0.007225269529033478
145,2010-2014,Washington Park,901.0,1.0,2223.0,905.0,543.0,290.0,115.0,96.0,22270.91633,3280.0,1388.0,11647.0,33.0,246.0,11070.0,11.0,11586.0,0.0009444492143899717,0.9504593457542715,0.021121318794539365,0.002833347643169915,0.11917231905211642,0.28161758392719155,0.19086460032626426,0.07770241263844767,0.046621447583068604,0.024899115652099253,0.009873787241349704,0.008242465871039753
146,2010-2014,West Elsdon,280.0,0.0,1108.0,1778.0,897.0,603.0,630.0,70.0,44883.38192,8149.0,1266.0,19192.0,3403.0,15371.0,135.0,260.0,19179.0,0.013547311379741559,0.0070341809087119634,0.8009066277615673,0.1773134639433097,0.06596498541058775,0.4246040016673614,0.05773238849520634,0.09264276781992496,0.04673822426010838,0.031419341392246766,0.03282617757398916,0.0036473530637765737
147,2010-2014,West Englewood,2241.0,0.0,4696.0,2829.0,1334.0,651.0,411.0,115.0,27061.45967,8987.0,5233.0,34272.0,258.0,1297.0,32203.0,11.0,34033.0,0.00032096171802054155,0.9396300186741363,0.03784430438842203,0.007528011204481793,0.1526902427637722,0.26222572362278246,0.1370214752567694,0.08254551820728291,0.03892390289449113,0.018995098039215685,0.011992296918767508,0.0033555088702147524
148,2010-2014,West Garfield Park,1492.0,0.0,2685.0,1386.0,749.0,445.0,132.0,35.0,25421.12299,4702.0,1213.0,18894.0,289.0,399.0,18091.0,49.0,18738.0,0.002593415899227268,0.9574997353657245,0.021117815179422038,0.015295861119932254,0.06420027521964645,0.2488620726156452,0.14210860590663701,0.0733566211495713,0.03964221445961681,0.023552450513390496,0.006986344871387742,0.001852439928019477
149,2010-2014,West Lawn,452.0,4.0,1721.0,2923.0,1581.0,1437.0,1084.0,304.0,48891.99255,14049.0,2074.0,33477.0,5350.0,26926.0,932.0,143.0,33462.0,0.0042715894494727725,0.027840009558801566,0.8043134092063208,0.15981121366908624,0.06195298264480091,0.4196612599695313,0.051408429668130355,0.08731367804761478,0.04722645398333184,0.04292499327896765,0.0323804403022971,0.009080861486991068
150,2010-2014,West Pullman,1158.0,1.0,3539.0,2291.0,1571.0,936.0,579.0,244.0,34154.35746,8796.0,3024.0,28171.0,279.0,1275.0,26308.0,51.0,28095.0,0.0018103723687480032,0.9338681622945583,0.04525930921870008,0.009903801781974371,0.10734443221752867,0.31223598736289093,0.12562564339214086,0.08132476660395442,0.055766568456923786,0.03322565759113982,0.020553051009903803,0.00866138937204927
151,2010-2014,West Ridge,743.0,41.0,6237.0,6375.0,4278.0,2718.0,2924.0,1713.0,48066.74566,32115.0,3555.0,73019.0,32839.0,13088.0,7644.0,17097.0,71452.0,0.23414453772305838,0.10468508196496802,0.17924101946068832,0.4497322614661937,0.048685958449170764,0.4398170339226777,0.08541612457031732,0.08730604363247922,0.058587490927018995,0.03722318848518879,0.0400443720127638,0.02345964748900971
152,2010-2014,West Town,1764.0,199.0,6995.0,6285.0,6198.0,4380.0,5931.0,7429.0,71267.18213,54058.0,4353.0,85211.0,49536.0,23740.0,6205.0,3351.0,84555.0,0.039325908626820484,0.07281923695297556,0.27860252784264944,0.5813333959230615,0.05108495382051613,0.6344016617572849,0.08209034044900307,0.07375808287662391,0.07273708793465633,0.05140181431974745,0.06960368966447994,0.08718357958479539
153,2010-2014,Woodlawn,1133.0,13.0,4381.0,2215.0,989.0,606.0,516.0,247.0,25801.33556,7508.0,2200.0,22817.0,1951.0,438.0,19339.0,640.0,21509.0,0.02804926151553666,0.8475697944515055,0.0191962133496954,0.08550642065126879,0.09641933645965728,0.32905289915413943,0.19200596046807206,0.09707674102642766,0.043344874435727744,0.026559144497523775,0.022614717096901434,0.01082526186615243
154,2015-2019,Albany Park,601.0,104.0,3037.0,3821.0,3000.0,2271.0,2623.0,2157.0,61759.0,26239.0,1447.0,49805.99998,16040.0,22399.0,2461.0,7391.0,48490.0,0.14839577566895384,0.049411717483601056,0.44972493291961807,0.32204955239210115,0.02905272458300314,0.5268240776319416,0.06097658919044958,0.07671766456921562,0.06023370680650271,0.04559691605252255,0.05266433765115221,0.04330803519387545
155,2015-2019,Archer Heights,146.0,7.0,839.0,1098.0,758.0,361.0,636.0,223.0,50458.0,5904.0,537.0,13700.97018,2104.0,10608.0,131.0,818.0,13699.0,0.059703801209207506,0.009561366697318073,0.7742517398866421,0.15356576741341393,0.039194304705800036,0.4309183891676786,0.06123653938206002,0.08014031018057438,0.055324549286771746,0.026348499066655148,0.04642007037781904,0.0162762196450529
156,2015-2019,Armour Square,441.0,28.0,2434.0,1046.0,630.0,496.0,385.0,421.0,31663.0,5872.0,525.0,13598.48056,1897.0,598.0,1135.0,9913.0,13574.0,0.7289785028747359,0.0834652073804928,0.04397550133351075,0.1395008796482774,0.03860725451520593,0.43181294954912225,0.17899058569525947,0.0769203585198198,0.04632870541824711,0.0364746633134136,0.028311986644484345,0.03095934123981275
157,2015-2019,Ashburn,516.0,0.0,2266.0,2094.0,2730.0,2070.0,2498.0,1466.0,70223.0,19834.0,2471.0,43355.99999,4110.0,17918.0,19888.0,410.0,42832.0,0.00945659193870666,0.4587139036024343,0.4132761325798681,0.0947965679709375,0.056993265074497944,0.4574684012495315,0.05226496910514462,0.04829781346256523,0.0629670633967541,0.04774425686127509,0.05761601625094936,0.03381308239547308
158,2015-2019,Auburn Gresham,1778.0,13.0,6701.0,4402.0,2584.0,1439.0,1539.0,496.0,34396.0,16843.0,3239.0,45909.00001,524.0,1001.0,43791.0,141.0,45803.0,0.003071293209812609,0.95386525497095,0.021804003567534903,0.011413883985402887,0.07055261494030525,0.36687795413385654,0.14596266524081059,0.09588533836592272,0.05628525995855164,0.03134461651716556,0.03352283865178443,0.010803981787709603
159,2015-2019,Austin,4171.0,40.0,12869.0,8222.0,4375.0,2503.0,3177.0,1514.0,33515.0,36750.0,5315.0,93727.00001,5288.0,14113.0,72886.0,440.0,92699.0,0.0046944850464973285,0.7776414479522825,0.1505756078664018,0.056419174831540624,0.056707245504848416,0.3920961942244928,0.1373030183258503,0.08772285466432055,0.04667811836005867,0.02670521834405185,0.03389631589255003,0.016153296273629447
160,2015-2019,Avalon Park,279.0,7.0,1204.0,964.0,703.0,436.0,456.0,221.0,44588.0,3760.0,640.0,9670.567015,93.0,9.0,9339.0,70.0,9658.0,0.007238458705825948,0.9657137979101218,0.0009306589764633361,0.009616809423454473,0.06618019388183724,0.38880863905579377,0.12450148974020629,0.09968391703451733,0.07269480671708059,0.04508525708200162,0.04715338814080903,0.02285284819982192
161,2015-2019,Avondale,474.0,76.0,2188.0,2938.0,2467.0,1696.0,2329.0,2021.0,66130.0,21620.0,1010.0,38117.99999,13234.0,21471.0,795.0,1591.0,38030.0,0.041738811071341315,0.020856288373171807,0.563277192025625,0.3471850570195669,0.02649666824767739,0.5671861064502823,0.05740070309496845,0.07707644684324373,0.06472007976932685,0.04449341519609985,0.0610997429196442,0.05301957082035248
162,2015-2019,Belmont Cragin,835.0,64.0,5051.0,5852.0,4092.0,3196.0,2789.0,1468.0,51689.0,37869.0,2548.0,78550.04844,10398.0,63777.0,1865.0,1453.0,78213.0,0.01849776071252032,0.023742824314418716,0.8119282071317333,0.13237420226344548,0.03243791761562407,0.48210027558322915,0.06430295207084662,0.07450027232599374,0.05209417538584525,0.04068743512540601,0.03550602520799668,0.018688721765987494
163,2015-2019,Beverly,93.0,17.0,663.0,1031.0,1033.0,1072.0,1358.0,2324.0,98636.0,9846.0,456.0,19791.00001,11383.0,978.0,6774.0,160.0,19764.0,0.008084482841653032,0.3422767923084853,0.049416401369604165,0.575160426165853,0.023040776098711142,0.49749886286822353,0.03350007577509975,0.05209438631090173,0.05219544234642239,0.05416603503907532,0.06861704811853012,0.1174271132750103
164,2015-2019,Bridgeport,226.0,30.0,2989.0,2982.0,2258.0,1464.0,1731.0,1554.0,54915.0,17854.0,1377.0,34479.51944,11806.0,7545.0,1039.0,13648.0,34452.0,0.39582918270510564,0.030133830658748882,0.21882555564991368,0.34240616434763166,0.039936751508274505,0.5178146415604452,0.08668914325216594,0.08648612418131778,0.06548815171073627,0.04245998853167311,0.05020371594831022,0.045070233728292365
165,2015-2019,Brighton Park,591.0,26.0,3344.0,4134.0,2158.0,1330.0,936.0,679.0,41650.0,18710.0,1963.0,44156.0,3014.0,35720.0,529.0,4514.0,44141.0,0.10222846272307275,0.01198025183440529,0.8089500860585198,0.06825799438354924,0.04445601956698977,0.42372497508832324,0.0757314974182444,0.09362261074372678,0.04887218045112782,0.030120481927710843,0.021197572243862668,0.015377298668357641
166,2015-2019,Burnside,85.0,20.0,412.0,233.0,57.0,84.0,97.0,5.0,29324.0,797.0,201.0,2006.000001,10.0,39.0,1931.0,0.0,2006.0,0.0,0.9626121630296051,0.019441674965383012,0.004985044862918721,0.1001994017446663,0.39730807557462205,0.20538384835225132,0.1161515453060062,0.02841475571863671,0.041874376848517254,0.04835493517031159,0.0024925224314593605
167,2015-2019,Calumet Heights,288.0,0.0,1336.0,1347.0,893.0,626.0,710.0,407.0,49478.0,5705.0,563.0,12815.0,143.0,477.0,12056.0,9.0,12810.0,0.0007023019898556379,0.9407725321888412,0.03722200546234881,0.011158798283261802,0.04393289114319157,0.44518142801404603,0.10425282871634803,0.10511119781506048,0.06968396410456497,0.04884900507218104,0.05540382364416699,0.03175965665236052
168,2015-2019,Chatham,1469.0,0.0,5559.0,3173.0,2150.0,1411.0,1166.0,471.0,34241.0,12586.0,2338.0,31009.43299,585.0,262.0,29667.0,124.0,30969.0,0.00399878321025695,0.9567088830539755,0.00844904194425259,0.018865227241938034,0.07539641246436089,0.4058764958410805,0.17926803117595475,0.10232370263020407,0.06933374114558423,0.045502283142520625,0.03760146147709358,0.015188926548637289
169,2015-2019,Chicago Lawn,1404.0,0.0,6013.0,4945.0,2552.0,1117.0,1219.0,522.0,34273.0,19469.0,4628.0,51352.00001,1525.0,26481.0,22177.0,265.0,51154.0,0.005160461130012373,0.431862439548243,0.5156761176749345,0.02969699329535422,0.09012307211206513,0.3791283688309845,0.1170937840557147,0.09629615202985352,0.04969621435393047,0.021751830498957812,0.023738121198056916,0.01016513475421305
170,2015-2019,Clearing,102.0,0.0,1366.0,2139.0,1949.0,1276.0,1398.0,709.0,60880.0,11339.0,1089.0,24976.0,10445.0,13502.0,567.0,126.0,24964.0,0.005044843049327354,0.022701793721973094,0.5405989750160154,0.4182014734144779,0.043601857783472135,0.45399583600256244,0.05469250480461243,0.08564221652786676,0.07803491351697629,0.051089045483664317,0.055973734785393976,0.028387251761691223
171,2015-2019,Douglas,642.0,15.0,4299.0,1864.0,1389.0,901.0,700.0,586.0,31856.0,8547.0,1287.0,21325.0,2440.0,730.0,14184.0,3168.0,18736.0,0.1485580304806565,0.6651348182883939,0.03423212192262603,0.11441969519343494,0.06035169988276671,0.40079718640093787,0.20159437280187573,0.08740914419695194,0.0651348182883939,0.04225087924970692,0.032825322391559206,0.027479484173505275
172,2015-2019,Dunning,152.0,41.0,2666.0,2729.0,2600.0,2460.0,3049.0,1972.0,72272.0,22381.0,796.0,43444.99997,27080.0,12855.0,722.0,2509.0,43232.0,0.057751179692312936,0.016618713327162193,0.2958913570923407,0.6233168378110141,0.018322016355153885,0.5151570955335416,0.061364944224673694,0.06281505355931527,0.05984578206457299,0.0566233168764806,0.07018068827495502,0.045390723935129974
173,2015-2019,East Garfield Park,1303.0,33.0,3429.0,1516.0,769.0,421.0,445.0,213.0,24617.0,6058.0,1247.0,18933.97988,1128.0,537.0,16727.0,119.0,17996.0,0.006284996643822356,0.8834381416908953,0.02836170754397147,0.059575430371694264,0.06586042701551661,0.3199538627586204,0.1811029705182089,0.08006768833642597,0.0406148102445327,0.022235156193690854,0.023502718542024775,0.011249615841463544
174,2015-2019,East Side,139.0,0.0,1509.0,2070.0,1153.0,1060.0,880.0,296.0,48090.0,9322.0,1211.0,23690.73364,3251.0,19422.0,867.0,106.0,23685.0,0.0044743232358590655,0.03659658722160197,0.8198142064797619,0.13722664943186624,0.051117032439861584,0.39348718117620946,0.06369579021614462,0.08737593488894589,0.04866881783910851,0.04474323235859065,0.03714532497694318,0.012494336583153616
175,2015-2019,Edgewater,389.0,109.0,6930.0,6547.0,4747.0,3064.0,3820.0,4167.0,55768.0,33849.0,1787.0,57649.00001,32630.0,8673.0,7096.0,7169.0,54327.0,0.12435601656154381,0.12308973267132305,0.1504449339710238,0.5660115525740236,0.030997935778418022,0.5871567589052443,0.12021023779767033,0.11356658396267644,0.08234314557367116,0.05314923067995121,0.06626307480333343,0.07228225987054723
176,2015-2019,Edison Park,11.0,12.0,569.0,430.0,546.0,645.0,874.0,1534.0,105233.0,6191.0,98.0,11111.70286,9246.0,1122.0,42.0,384.0,11104.0,0.03455815952227506,0.003779798697748835,0.10097462235414745,0.8320956847472791,0.008819530294747281,0.5571603270895961,0.05120727283378779,0.038697939048380925,0.04913738307073485,0.05804690857257139,0.07865581099601146,0.13805264767492173
177,2015-2019,Englewood,1429.0,27.0,4977.0,2239.0,939.0,444.0,256.0,128.0,22127.0,6389.0,2198.0,22921.0,140.0,846.0,21692.0,68.0,22741.0,0.0029667117490510884,0.9463810479472973,0.03690938440731207,0.006107935953928711,0.09589459447668078,0.2787400200689324,0.2171371231621657,0.09768334714890275,0.040966799005279005,0.019370882596745343,0.011168797172898216,0.005584398586449108
178,2015-2019,Forest Glen,25.0,10.0,757.0,891.0,617.0,639.0,1205.0,2872.0,123856.0,9670.0,342.0,19404.88675,13639.0,2935.0,231.0,2076.0,19380.0,0.10698336077637763,0.011904217889857047,0.15125056063519668,0.7028641896093518,0.017624426486281864,0.49832808222908076,0.039010791959401665,0.04591626900373433,0.03179611445039739,0.03292984948752664,0.06209775998821534,0.14800395575614478
179,2015-2019,Fuller Park,264.0,0.0,637.0,294.0,123.0,22.0,69.0,5.0,23148.0,679.0,210.0,2394.617536,87.0,133.0,2162.0,7.0,2386.0,0.0029232225584102625,0.9028581673261411,0.05554122860979499,0.036331480368813264,0.08769667675230788,0.2835525881657955,0.2660132528153339,0.12277534745323103,0.05136519638349462,0.009187270897860826,0.02881462236147259,0.002088016113150188
180,2015-2019,Gage Park,614.0,14.0,2568.0,3071.0,1931.0,900.0,920.0,438.0,42277.0,15496.0,2335.0,37478.0,1475.0,34222.0,1497.0,232.0,37429.0,0.006190298308340893,0.0399434334809755,0.9131223651208709,0.0393564224344949,0.06230321788782753,0.41346923528470036,0.06852019851646299,0.08194140562463312,0.051523560488820105,0.024014088265115533,0.02454773467100699,0.011686856289022893
181,2015-2019,Garfield Ridge,214.0,46.0,1787.0,2256.0,2102.0,1786.0,2230.0,2123.0,74962.0,17350.0,1530.0,37143.99999,15550.0,18916.0,1954.0,450.0,36875.0,0.012115011849050995,0.05260607367343476,0.5092612536369969,0.4186409650060955,0.04119104028677338,0.46710101240229945,0.04811005816500917,0.060736592736575654,0.05659056645934487,0.04808313591645573,0.060036614274186044,0.05715593367896725
182,2015-2019,Grand Boulevard,808.0,0.0,4352.0,2091.0,1318.0,1028.0,980.0,804.0,33503.0,9290.0,1485.0,22209.0,816.0,513.0,20139.0,157.0,21929.0,0.007069206177675717,0.906794542752938,0.023098743752532756,0.036741861407537484,0.06686478454680535,0.41829888783826374,0.19595659417353326,0.0941510198568148,0.059345310459723535,0.046287541086946736,0.04412625512179747,0.03620153991625017
183,2015-2019,Greater Grand Crossing,1659.0,0.0,5409.0,2974.0,1595.0,1030.0,705.0,421.0,29647.0,11112.0,2829.0,30148.99999,304.0,524.0,28839.0,4.0,29597.0,0.00013267438393733602,0.9565491395922084,0.01738034429579102,0.010083253179237538,0.0938339580396809,0.36856943857791946,0.17940893567926264,0.09864340445740934,0.05290391059501274,0.034163653863864024,0.023383860168955474,0.013963978909404616
184,2015-2019,Hegewisch,53.0,0.0,1075.0,561.0,592.0,505.0,567.0,238.0,57151.0,3872.0,257.0,9121.266363,3198.0,5515.0,385.0,1.0,9100.0,0.0001096338995269839,0.0422090513178888,0.6046309558913162,0.35060921068729456,0.028175912178434865,0.4245024589684817,0.1178564419915077,0.06150461763463797,0.06490326851997448,0.055365119261126874,0.06216242103179988,0.02609286808742217
185,2015-2019,Hermosa,247.0,0.0,1595.0,2185.0,1201.0,767.0,796.0,568.0,46915.0,11968.0,803.0,23481.0,2513.0,19362.0,910.0,518.0,23445.0,0.022060389250883692,0.03875473787317406,0.8245815765938418,0.10702269920361143,0.03419786210127337,0.5096886844682935,0.06792726033814574,0.09305395851965419,0.051147736467782465,0.032664707635960986,0.03389974873301819,0.024189770452706445
186,2015-2019,Humboldt Park,1802.0,39.0,5583.0,5009.0,2670.0,1815.0,1687.0,754.0,39492.0,24312.0,3154.0,55363.99999,4265.0,32318.0,17697.0,347.0,54977.0,0.006267610722900732,0.31964814686793735,0.5837367243305644,0.07703561882758393,0.056968427147057375,0.4391301207353389,0.1008417022073625,0.09047395421040279,0.04822628423672898,0.032783035913731495,0.030471064234966958,0.01361895817022234
187,2015-2019,Hyde Park,474.0,87.0,3763.0,2360.0,1894.0,1545.0,1591.0,2135.0,55377.0,14591.0,944.0,27482.0,13156.0,2047.0,7268.0,3719.0,24864.0,0.13532493996070155,0.26446401280838366,0.07448511753147515,0.47871333964049195,0.03434975620406084,0.5309293355650971,0.13692598791936542,0.0858743905101521,0.06891783712975766,0.05621861582126483,0.057892438687140675,0.07768721344880285
188,2015-2019,Irving Park,459.0,0.0,2744.0,4513.0,4185.0,2531.0,3010.0,3578.0,66878.0,30586.0,1203.0,53530.00002,22902.0,22426.0,1750.0,4529.0,53099.0,0.08460676253143778,0.03269194842791259,0.41894264882535304,0.42783485879774524,0.022473379405016484,0.5713805340663626,0.05126097513496695,0.08430786471723974,0.07818045952617954,0.0472818979834553,0.05623015129600966,0.06684102370004072
189,2015-2019,Jefferson Park,100.0,21.0,1617.0,1758.0,1711.0,1542.0,2003.0,1750.0,76694.0,14397.0,673.0,27503.0,17060.0,6806.0,293.0,2625.0,27468.0,0.09544413336726902,0.010653383267279933,0.2474639130276697,0.6202959677126132,0.024470057811875067,0.5234701668908847,0.05879358615423772,0.06392029960367959,0.06221139512053231,0.05606661091517289,0.07282841871795805,0.06362942224484602
190,2015-2019,Kenwood,381.0,13.0,3195.0,1644.0,1221.0,965.0,1166.0,1380.0,49114.0,8654.0,1022.0,17954.0,3411.0,435.0,12108.0,1245.0,17783.0,0.0693438788013813,0.6743901080539155,0.02422858415951877,0.1899855185473989,0.056923248301214216,0.4820095800378746,0.1779547733095689,0.09156733875459508,0.06800712933051131,0.053748468307897965,0.06494374512643422,0.07686309457502506
191,2015-2019,Lake View,1059.0,217.0,5824.0,7523.0,8491.0,6879.0,9507.0,15236.0,92779.0,73746.0,2153.0,101316.0,78668.0,8674.0,4044.0,7023.0,100930.0,0.06931777804098069,0.03991472225512259,0.08561332859568084,0.7764617631963362,0.02125034545382763,0.727881084922421,0.057483516917367444,0.07425283272138655,0.0838070985826523,0.06789648229302381,0.093835129693237,0.15038098622132734
192,2015-2019,Lincoln Park,685.0,179.0,3959.0,2832.0,3725.0,3769.0,5863.0,12247.0,115389.0,45591.0,1255.0,69464.99999,54642.0,4340.0,3414.0,4995.0,65585.0,0.0719067156225303,0.049147052479543235,0.06247750666702333,0.7866119629722323,0.018066652273528633,0.6563161305198757,0.05699273016007957,0.040768732461062225,0.053624127266051126,0.05425753977603938,0.08440221695593497,0.1763046138596854
193,2015-2019,Lincoln Square,229.0,110.0,2083.0,3655.0,2825.0,2482.0,3701.0,3601.0,81149.0,26160.0,1206.0,42103.0,27165.0,7611.0,1470.0,3820.0,41466.0,0.09072987673087428,0.03491437664774481,0.18077096643944612,0.6452034296843455,0.02864403961712942,0.621333396670071,0.04947390922262072,0.08681091608673966,0.06709735648291096,0.058950668598437166,0.08790347481177113,0.08552834714865924
194,2015-2019,Logan Square,944.0,127.0,4584.0,4592.0,4471.0,3906.0,5628.0,6584.0,82908.0,46908.0,1673.0,72336.00001,36236.0,28312.0,2933.0,2831.0,71896.0,0.03913680601095764,0.040546892274863564,0.39139570885984903,0.5009400574401487,0.02312817960308447,0.6484737888950904,0.06337093562494872,0.06348153062603938,0.061808781234543135,0.053998009282515205,0.07780358326727997,0.09101968589761396
195,2015-2019,Loop,1475.0,388.0,,,,,,,,,,,,,,,,,,,,,,,,,,,
196,2015-2019,Lower West Side,449.0,62.0,2814.0,3203.0,2493.0,1374.0,1611.0,970.0,52104.0,18526.0,1153.0,33202.99999,6944.0,23327.0,1140.0,1327.0,33081.0,0.03996626812034042,0.03433424691574082,0.7025569980732335,0.20913772858149499,0.03472577780162208,0.5579616301412408,0.08475137791306551,0.09646718672905076,0.07508357680784375,0.041381802861603416,0.04851971208882322,0.029214227638832104
197,2015-2019,Mckinley Park,165.0,0.0,,,,,,,,,,,,,,,,,,,,,,,,,,,
198,2015-2019,Montclare,76.0,18.0,1145.0,1047.0,647.0,514.0,697.0,538.0,53285.0,6915.0,390.0,14317.95158,4506.0,8581.0,388.0,460.0,14260.0,0.032127500741275725,0.027098848451336918,0.599317573610624,0.3147098224786705,0.02723853323716855,0.48296014701287315,0.07996953988861023,0.07312498538286019,0.04518802821653347,0.03589898995872984,0.04868014786232431,0.03757520738870944
199,2015-2019,Morgan Park,258.0,12.0,1753.0,1692.0,1220.0,895.0,1424.0,1125.0,63501.0,9031.0,1058.0,21067.61724,6320.0,901.0,13216.0,61.0,20698.0,0.002895438971816065,0.6273134664183789,0.04276705760010286,0.2999864639652054,0.050219252986580275,0.42866736646673576,0.08320827078022232,0.08031283180840626,0.0579087794363213,0.042482260324186526,0.06759188681747666,0.05339948923431267
200,2015-2019,Mount Greenwood,34.0,0.0,659.0,937.0,588.0,1075.0,1700.0,1733.0,102256.0,9464.0,401.0,19190.00001,15899.0,2010.0,678.0,354.0,18456.0,0.01844710785906873,0.03533090149279265,0.10474205309810211,0.8285044289585699,0.020896300145442262,0.49317352762210864,0.03434080248340761,0.048827514304936155,0.03064095881675823,0.056018759741522275,0.08858780610287244,0.09030745175075172
201,2015-2019,Near North Side,1731.0,273.0,7958.0,5192.0,7297.0,6867.0,9676.0,20179.0,106026.0,63434.0,1819.0,93317.99999,65416.0,5257.0,7649.0,12506.0,91047.0,0.13401487388649724,0.08196703745064908,0.05633425491934399,0.7010008787909087,0.019492488053697302,0.6797616752051868,0.0852782957291496,0.05563771191577592,0.07819498918517274,0.07358708931541472,0.10368846311576421,0.21623909644615608
202,2015-2019,Near South Side,303.0,23.0,2551.0,1130.0,1507.0,1515.0,2559.0,5220.0,110120.0,17165.0,64.0,24729.00001,13171.0,1377.0,5896.0,3470.0,24552.0,0.14032108045601477,0.2384245217200758,0.05568361031352517,0.5326135304571097,0.002588054509851569,0.6941243072125342,0.10315823522861489,0.04569533743956677,0.06094059603666117,0.06126410285039262,0.10348174204234634,0.2110881959597686
203,2015-2019,Near West Side,1789.0,252.0,6396.0,2897.0,3117.0,2941.0,4636.0,8627.0,91125.0,36616.0,2466.0,63170.0,27287.0,5839.0,16885.0,11246.0,57651.0,0.17802754472059523,0.2672946018679753,0.09243311698591103,0.43196137406996993,0.03903751780908659,0.579642235238246,0.10125059363621973,0.045860376761120786,0.04934304258350483,0.04655690992559759,0.07338926705714738,0.13656799113503246
204,2015-2019,New City,1046.0,19.0,4603.0,3848.0,2005.0,1085.0,716.0,516.0,34916.0,15772.0,3101.0,39443.38246,4991.0,24266.0,9096.0,763.0,39064.0,0.01934418278588981,0.23060902571488034,0.6152109298589804,0.12653580115907737,0.07861901811146041,0.39986428689260034,0.11669891659692108,0.09755755617313759,0.050832354502895236,0.027507782860668992,0.018152601408515205,0.013082042355857328
205,2015-2019,North Center,204.0,73.0,1157.0,1380.0,1450.0,1689.0,2501.0,5916.0,125033.0,21285.0,572.0,35542.99999,27629.0,4070.0,750.0,1737.0,35463.0,0.04887038236751833,0.021101201367667674,0.11450918608854324,0.7773401234497201,0.01609318290974121,0.5988520948144086,0.032552119976522,0.038826210516508516,0.04079565597749083,0.0475199054799876,0.07036547282738247,0.1664462763881626
206,2015-2019,North Lawndale,2103.0,24.0,5109.0,2853.0,1236.0,1098.0,495.0,284.0,28327.0,11054.0,2083.0,32073.00001,1159.0,2966.0,27522.0,49.0,31052.0,0.001527764786104273,0.8581049478196286,0.09247653786908723,0.03613631402234393,0.06494559284602451,0.3446512641958497,0.1592928631062598,0.08895332519909166,0.03853708725765065,0.03423440275801004,0.01543354222697174,0.008854799984767623
207,2015-2019,North Park,128.0,0.0,1571.0,1391.0,986.0,587.0,969.0,1055.0,56287.0,8542.0,517.0,18913.99999,9128.0,3807.0,523.0,4764.0,18224.0,0.25187691670290624,0.027651475112430726,0.2012794756271965,0.4826054776792881,0.02733424977653286,0.45162313653992975,0.0830601671159248,0.07354340703898879,0.052130696865882786,0.03103521202867464,0.0512318917475055,0.05577878822870825
208,2015-2019,Norwood Park,58.0,9.0,2257.0,2143.0,2487.0,1820.0,3068.0,3307.0,83985.0,19488.0,739.0,38083.67228,29421.0,5749.0,297.0,1618.0,37541.0,0.04248539867962544,0.007798617680994287,0.15095708096981872,0.7725357939142522,0.01940464130052114,0.5117153581387767,0.059264242781158605,0.05627083397431231,0.06530357633883095,0.047789509021581154,0.08055945806495109,0.08683511337053235
209,2015-2019,O'Hare,50.0,0.0,1407.0,1444.0,1314.0,973.0,668.0,418.0,53509.0,7221.0,399.0,13075.04972,9603.0,1381.0,256.0,1582.0,13125.0,0.12099380376199441,0.019579275450739928,0.10562101327137438,0.7344522740369357,0.030516136347051685,0.552273234491379,0.10760953343434015,0.11043935058932991,0.10049674977450104,0.07441654302175763,0.051089671879274504,0.03196928569691129
210,2015-2019,Oakland,128.0,0.0,1322.0,754.0,527.0,207.0,252.0,171.0,32844.0,3110.0,563.0,7227.000002,206.0,300.0,6580.0,71.0,7227.0,0.009824270095523932,0.9104746088527814,0.04151100040362225,0.028504220277153946,0.07790231075746443,0.4303307041842173,0.18292514177862873,0.10433098101443726,0.07292099070902976,0.028642590278499355,0.03486924033904269,0.023661270230064684
211,2015-2019,Portage Park,390.0,58.0,3432.0,4460.0,4013.0,3197.0,3749.0,3626.0,70559.0,34254.0,2008.0,64598.55568,30287.0,28009.0,981.0,3391.0,64514.0,0.05249343370458465,0.0151860980431134,0.4335855454531735,0.4688494917755103,0.031084286310470652,0.5302595335054092,0.053128122817497646,0.06904179130712107,0.06212213195414279,0.049490270584947545,0.05803535327587374,0.05613128593713475
212,2015-2019,Pullman,144.0,2.0,933.0,921.0,456.0,446.0,289.0,102.0,43539.0,3377.0,606.0,6840.000001,682.0,377.0,5544.0,9.0,6840.0,0.0013157894734918435,0.8105263156709757,0.05511695905626945,0.09970760232460414,0.08859649121511746,0.4937134502202173,0.13640350875198778,0.134649122787332,0.06666666665692007,0.06520467835304025,0.042251461982126974,0.014912280699574227
213,2015-2019,Riverdale,233.0,0.0,1671.0,688.0,89.0,52.0,97.0,44.0,15396.0,1917.0,838.0,7358.999999,89.0,258.0,6990.0,22.0,7310.0,0.0029895366222298598,0.9498573176993963,0.03505911129705926,0.012094034517202614,0.11387416770130102,0.26049735021884735,0.22706889526118618,0.09349096345882471,0.012094034517202614,0.007066177470725123,0.013181138743468018,0.0059790732444597195
214,2015-2019,Rogers Park,716.0,49.0,7345.0,6537.0,4141.0,2517.0,2553.0,1739.0,43177.0,30423.0,1734.0,55475.00001,24357.0,10887.0,15187.0,2695.0,51973.0,0.04858044163162137,0.2737629562372667,0.19625056328143298,0.4390626407500563,0.03125732311288737,0.548409193231472,0.13240198285130203,0.11783686343076397,0.07464623703025755,0.04537178908600779,0.046020730050289185,0.031347453802370896
215,2015-2019,Roseland,1543.0,0.0,4627.0,3528.0,2364.0,1442.0,1469.0,573.0,40786.0,14532.0,3700.0,39162.00001,557.0,459.0,37280.0,165.0,38605.0,0.004213267962766644,0.9519432100117605,0.011720545423696301,0.014222971244006186,0.09447934219537323,0.37107400021166587,0.11815024765891674,0.09008732953115588,0.06036463917563846,0.03682140849884546,0.03751085234729818,0.014631530561607799
216,2015-2019,South Chicago,885.0,21.0,3844.0,3057.0,1416.0,1384.0,876.0,257.0,34856.0,11440.0,2210.0,29936.0,842.0,5914.0,22895.0,104.0,29771.0,0.00347407803313736,0.7647982362373063,0.19755478353821485,0.028126670229823625,0.07382415820416889,0.38214858364510956,0.1284072688401924,0.10211785141635489,0.047300908605024054,0.04623196151790487,0.02926242650988776,0.008584981293425975
217,2015-2019,South Deering,293.0,0.0,2022.0,1413.0,848.0,451.0,386.0,186.0,36315.0,5190.0,1395.0,15474.99997,587.0,4767.0,10077.0,0.0,15380.0,0.0,0.6511793227486513,0.30804523484596813,0.037932148700353115,0.09014539597443372,0.3353796452382158,0.13066235889627598,0.09130856237410383,0.05479806149556975,0.02914378034729004,0.02494345723737019,0.012019386129924496
218,2015-2019,South Lawndale,1056.0,27.0,6210.0,5990.0,2960.0,1305.0,1071.0,542.0,34705.0,24977.0,2391.0,72156.99999,3112.0,59873.0,8898.0,95.0,62789.0,0.001316573582787058,0.1233144393646236,0.8297601065495739,0.04312817883824552,0.03313607827835637,0.3461479829186563,0.0860623363063961,0.08301342906204713,0.04102166110578623,0.018085563426706426,0.014842634812262516,0.007511398756532478
219,2015-2019,South Shore,1980.0,36.0,10262.0,5493.0,3176.0,1821.0,1988.0,924.0,32093.0,21358.0,4137.0,52454.00001,1339.0,1265.0,48978.0,157.0,51346.0,0.002993098714494014,0.9337324129839988,0.024116368623152404,0.025527128526799264,0.07886910434306837,0.40717581110931944,0.19563808285437942,0.10472032636124598,0.060548289918681455,0.03471613222352611,0.03789987416824267,0.017615434472563495
220,2015-2019,Uptown,572.0,68.0,8181.0,6019.0,4639.0,3506.0,4048.0,4117.0,55109.0,36004.0,1509.0,58979.00001,31974.0,8609.0,10476.0,6207.0,56677.0,0.10524084841973569,0.17762254358710344,0.1459672086427428,0.5421251631017607,0.02558537784201404,0.6104545684717518,0.13871038841982564,0.10205327318163189,0.07865511451895503,0.05944488715314859,0.06863459874385211,0.06980450667698596
221,2015-2019,Washington Heights,625.0,17.0,2726.0,1787.0,1708.0,1178.0,1272.0,616.0,51800.0,10403.0,1947.0,26742.0,360.0,305.0,25698.0,43.0,26511.0,0.001607957520005983,0.960960287188692,0.011405280083763368,0.013461969934933812,0.0728068207314337,0.3890135367586568,0.10193702789619326,0.06682372298257423,0.06386956846907486,0.04405055717597786,0.0475656271034328,0.023034926333108968
222,2015-2019,Washington Park,678.0,9.0,2241.0,1140.0,565.0,242.0,293.0,45.0,25423.0,3879.0,981.0,10969.0,121.0,263.0,10146.0,0.0,10918.0,0.0,0.9249703710456741,0.023976661500592578,0.011031087610538792,0.08943385905734343,0.35363296563041297,0.20430303582824322,0.10392925517367126,0.051508797520284436,0.022062175221077583,0.02671164189989972,0.004102470598960708
223,2015-2019,West Elsdon,239.0,0.0,820.0,1248.0,1191.0,648.0,924.0,350.0,60836.0,8465.0,1084.0,19151.02982,2775.0,15490.0,320.0,539.0,19132.0,0.02814470057568946,0.016709284200780383,0.8088337883440254,0.1449008239286424,0.05660270023014355,0.4420127836237686,0.042817540764499736,0.0651662083830435,0.06218986713477949,0.03383630050658028,0.04824805812975336,0.018275779594603546
224,2015-2019,West Englewood,1507.0,0.0,4507.0,2534.0,1257.0,488.0,441.0,256.0,26821.0,7746.0,2925.0,26345.99999,425.0,2468.0,23097.0,24.0,26061.0,0.000910954224895982,0.8766795721842707,0.09367645946013682,0.016131481065866347,0.11102254615919781,0.2940104760851782,0.17106961215025795,0.09618158357860077,0.04771122752892706,0.0185227359062183,0.016738783882463668,0.009716845065557141
225,2015-2019,West Garfield Park,1637.0,0.0,2752.0,1103.0,801.0,357.0,230.0,111.0,24169.0,4828.0,1276.0,16421.02013,407.0,485.0,15282.0,0.0,16091.0,0.0,0.9306364573587548,0.02953531486840702,0.024785305466890013,0.07770528200430384,0.2940134024426167,0.1675900752945487,0.06717000474196483,0.04877894270019386,0.021740427645404754,0.014006437978832196,0.006759628763697277
226,2015-2019,West Lawn,360.0,9.0,1777.0,2420.0,1865.0,1125.0,1420.0,665.0,54922.0,14240.0,1875.0,31886.0,4028.0,26775.0,845.0,142.0,31870.0,0.004453365113215832,0.026500658596249137,0.8397102176503795,0.12632503292981245,0.05880323653013862,0.44659098036755945,0.05572978736749671,0.07589537728156558,0.058489619268644544,0.03528194191808317,0.04453365113215831,0.02085554788935583
227,2015-2019,West Pullman,711.0,9.0,2778.0,2340.0,1464.0,928.0,1117.0,508.0,42271.0,10518.0,2358.0,27038.00848,212.0,1551.0,24762.0,0.0,27001.0,0.0,0.9158218889648044,0.057363692342476846,0.007840814169313405,0.08721056514736325,0.3890079407209358,0.10274425359600302,0.08654483564242155,0.054145999735258604,0.034322054476994525,0.041312214278882424,0.018788366028354764
228,2015-2019,West Ridge,578.0,42.0,5440.0,6609.0,4578.0,2691.0,3488.0,2908.0,53877.0,35157.0,2736.0,78466.00002,31836.0,14835.0,9086.0,18650.0,76814.0,0.23768256308778768,0.1157953763118305,0.18906277873497748,0.4057298701588637,0.03486860550177947,0.4480539340738526,0.0693293910561697,0.08422756350923263,0.05834374122337222,0.034295108700763355,0.044452374265426454,0.0370606377189966
229,2015-2019,West Town,1611.0,201.0,4763.0,3962.0,5144.0,4507.0,7791.0,12137.0,104639.0,59657.0,1810.0,84698.0,53847.0,18728.0,5727.0,4144.0,84038.0,0.04892677513046353,0.06761670877706676,0.22111502042551182,0.6357529103402678,0.02137004415688682,0.7043495714184514,0.05623509409903422,0.046777964060544526,0.06073342936078774,0.05321259061607122,0.09198564310845593,0.14329736239344495
230,2015-2019,Woodlawn,885.0,32.0,4596.0,1815.0,1102.0,744.0,635.0,402.0,25450.0,8147.0,1973.0,22655.0,1815.0,810.0,18634.0,836.0,21247.0,0.036901346281174134,0.8225115868461709,0.03575369675568307,0.0801147649525491,0.08708894283822556,0.35961156477598766,0.20286912381372765,0.0801147649525491,0.048642683734274994,0.03284043257559038,0.028029132641800927,0.017744427278746415
