,Year,Community Area,ID,Date,Primary Type,Description,Location Description,District,Ward,Location
67,2002,1.0,278,278,278,278,278,278,278,266
68,2002,2.0,144,144,144,144,144,144,144,140
69,2002,3.0,202,202,202,202,202,202,202,194
70,2002,4.0,63,63,63,63,63,63,63,60
71,2002,5.0,72,72,72,72,72,72,72,70
72,2002,6.0,286,286,286,286,286,286,286,275
73,2002,7.0,182,182,182,182,182,182,182,172
74,2002,8.0,332,332,332,332,332,332,332,312
75,2002,9.0,1,1,1,1,1,1,1,1
76,2002,10.0,12,12,12,12,12,12,12,12
77,2002,11.0,26,26,26,26,26,26,26,25
78,2002,12.0,9,9,9,9,9,9,9,8
79,2002,13.0,13,13,13,13,13,13,13,13
80,2002,14.0,100,100,100,100,100,100,100,99
81,2002,15.0,115,115,115,115,115,115,115,111
82,2002,16.0,115,115,115,115,115,115,115,114
83,2002,17.0,36,36,36,36,36,36,36,35
84,2002,18.0,30,30,30,30,30,30,30,30
85,2002,19.0,236,236,236,236,236,236,236,229
86,2002,20.0,100,100,100,100,100,100,100,99
87,2002,21.0,181,181,181,181,181,181,181,178
88,2002,22.0,375,375,375,375,375,375,375,360
89,2002,23.0,528,528,528,528,528,528,528,500
90,2002,24.0,462,462,462,462,462,462,462,444
91,2002,25.0,879,879,879,879,879,879,879,829
92,2002,26.0,306,306,306,306,306,306,306,284
93,2002,27.0,303,303,303,303,303,303,303,281
94,2002,28.0,415,415,415,415,415,415,415,389
95,2002,29.0,437,437,437,437,437,437,437,416
96,2002,30.0,357,357,357,357,357,357,357,346
97,2002,31.0,116,116,116,116,116,116,116,114
98,2002,32.0,145,145,145,145,145,145,145,139
99,2002,33.0,84,84,84,84,84,84,84,78
100,2002,34.0,58,58,58,58,58,58,58,54
101,2002,35.0,178,178,178,178,178,178,178,171
102,2002,36.0,22,22,22,22,22,22,22,21
103,2002,37.0,49,49,49,49,49,49,49,49
104,2002,38.0,292,292,292,292,292,292,292,287
105,2002,39.0,80,80,80,80,80,80,80,77
106,2002,40.0,236,236,236,236,236,236,236,228
107,2002,41.0,129,129,129,129,129,129,129,120
108,2002,42.0,255,255,255,255,255,255,255,255
109,2002,43.0,505,505,505,505,505,505,505,494
110,2002,44.0,410,410,410,410,410,410,410,405
111,2002,45.0,121,121,121,121,121,121,121,117
112,2002,46.0,271,271,271,271,271,271,271,268
113,2002,47.0,7,7,7,7,7,7,7,7
114,2002,48.0,94,94,94,94,94,94,94,92
115,2002,49.0,368,368,368,368,368,368,368,363
116,2002,50.0,47,47,47,47,47,47,47,45
117,2002,51.0,74,74,74,74,74,74,74,73
118,2002,52.0,28,28,28,28,28,28,28,27
119,2002,53.0,216,216,216,216,216,216,216,211
120,2002,54.0,56,56,56,56,56,56,56,56
121,2002,55.0,6,6,6,6,6,6,6,6
122,2002,56.0,125,125,125,125,125,125,125,121
123,2002,57.0,41,41,41,41,41,41,41,39
124,2002,58.0,131,131,131,131,131,131,131,129
125,2002,59.0,40,40,40,40,40,40,40,37
126,2002,60.0,36,36,36,36,36,36,36,34
127,2002,61.0,368,368,368,368,368,368,368,353
128,2002,62.0,46,46,46,46,46,46,46,46
129,2002,63.0,156,156,156,156,156,156,156,152
130,2002,64.0,16,16,16,16,16,16,16,16
131,2002,65.0,56,56,56,56,56,56,56,56
132,2002,66.0,404,404,404,404,404,404,404,393
133,2002,67.0,405,405,405,405,405,405,405,400
134,2002,68.0,421,421,421,421,421,421,421,410
135,2002,69.0,508,508,508,508,508,508,508,495
136,2002,70.0,144,144,144,144,144,144,144,134
137,2002,71.0,375,375,375,375,375,375,375,368
138,2002,72.0,41,41,41,41,41,41,41,41
139,2002,73.0,174,174,174,174,174,174,174,166
140,2002,74.0,10,10,10,10,10,10,10,10
141,2002,75.0,93,93,93,93,93,93,93,89
142,2002,76.0,4,4,4,4,4,4,2,4
143,2002,77.0,139,139,139,139,139,139,139,134
144,2003,1.0,385,385,385,385,385,385,385,382
145,2003,2.0,162,162,162,162,162,162,162,160
146,2003,3.0,230,230,230,230,230,230,230,228
147,2003,4.0,105,105,105,105,105,105,105,103
148,2003,5.0,73,73,73,73,73,73,73,72
149,2003,6.0,298,298,298,298,298,298,298,295
150,2003,7.0,213,213,213,213,213,213,213,211
151,2003,8.0,373,373,373,373,373,373,373,368
152,2003,9.0,2,2,2,2,2,2,2,2
153,2003,10.0,9,9,9,9,9,9,9,9
154,2003,11.0,29,29,29,29,29,29,29,29
155,2003,12.0,9,9,9,9,9,9,9,9
156,2003,13.0,29,29,29,29,29,29,29,29
157,2003,14.0,166,166,166,166,166,166,166,165
158,2003,15.0,168,168,168,168,168,168,168,168
159,2003,16.0,162,162,162,162,162,162,162,162
160,2003,17.0,46,46,46,46,46,46,46,46
161,2003,18.0,23,23,23,23,23,23,23,23
162,2003,19.0,341,341,341,341,341,341,341,341
163,2003,20.0,124,124,124,124,124,124,124,124
164,2003,21.0,267,267,267,267,267,267,267,267
165,2003,22.0,455,455,455,455,455,455,455,453
166,2003,23.0,564,564,564,564,564,564,564,561
167,2003,24.0,562,562,562,562,562,562,562,558
168,2003,25.0,1258,1258,1258,1258,1258,1258,1258,1248
169,2003,26.0,348,348,348,348,348,348,348,344
170,2003,27.0,340,340,340,340,340,340,340,338
171,2003,28.0,464,464,464,464,464,464,464,460
172,2003,29.0,520,520,520,520,520,520,520,518
173,2003,30.0,384,384,384,384,384,384,384,383
174,2003,31.0,158,158,158,158,158,158,158,156
175,2003,32.0,159,159,159,159,159,159,159,155
176,2003,33.0,93,93,93,93,93,93,93,93
177,2003,34.0,78,78,78,78,78,78,78,77
178,2003,35.0,242,242,242,242,242,242,242,240
179,2003,36.0,27,27,27,27,27,27,27,27
180,2003,37.0,68,68,68,68,68,68,68,67
181,2003,38.0,391,391,391,391,391,391,391,390
182,2003,39.0,101,101,101,101,101,101,101,101
183,2003,40.0,246,246,246,246,246,246,246,246
184,2003,41.0,187,187,187,187,187,187,187,184
185,2003,42.0,316,316,316,316,316,316,316,316
186,2003,43.0,645,645,645,645,645,645,645,643
187,2003,44.0,563,563,563,563,563,563,563,561
188,2003,45.0,135,135,135,135,135,135,135,134
189,2003,46.0,343,343,343,343,343,343,343,340
190,2003,47.0,19,19,19,19,19,19,19,19
191,2003,48.0,109,109,109,109,109,109,109,109
192,2003,49.0,470,470,470,470,470,470,470,469
193,2003,50.0,61,61,61,61,61,61,61,61
194,2003,51.0,80,80,80,80,80,80,80,80
195,2003,52.0,49,49,49,49,49,49,49,48
196,2003,53.0,235,235,235,235,235,235,235,235
197,2003,54.0,77,77,77,77,77,77,77,77
198,2003,55.0,16,16,16,16,16,16,16,16
199,2003,56.0,186,186,186,186,186,186,186,184
200,2003,57.0,69,69,69,69,69,69,69,68
201,2003,58.0,212,212,212,212,212,212,212,212
202,2003,59.0,53,53,53,53,53,53,53,53
203,2003,60.0,47,47,47,47,47,47,47,47
204,2003,61.0,409,409,409,409,409,409,409,409
205,2003,62.0,56,56,56,56,56,56,56,56
206,2003,63.0,174,174,174,174,174,174,174,173
207,2003,64.0,22,22,22,22,22,22,22,22
208,2003,65.0,86,86,86,86,86,86,86,86
209,2003,66.0,549,549,549,549,549,549,549,546
210,2003,67.0,610,610,610,610,610,610,610,607
211,2003,68.0,555,555,555,555,555,555,555,551
212,2003,69.0,595,595,595,595,595,595,595,591
213,2003,70.0,167,167,167,167,167,167,167,166
214,2003,71.0,575,575,575,575,575,575,575,573
215,2003,72.0,56,56,56,56,56,56,56,56
216,2003,73.0,206,206,206,206,206,206,206,206
217,2003,74.0,17,17,17,17,17,17,17,17
218,2003,75.0,121,121,121,121,121,121,121,121
219,2003,76.0,7,7,7,7,7,7,7,7
220,2003,77.0,169,169,169,169,169,169,169,169
221,2004,1.0,401,401,401,401,401,401,401,401
222,2004,2.0,194,194,194,194,194,194,194,194
223,2004,3.0,215,215,215,215,215,215,215,215
224,2004,4.0,92,92,92,92,92,92,92,91
225,2004,5.0,85,85,85,85,85,85,85,85
226,2004,6.0,298,298,298,298,298,298,298,298
227,2004,7.0,222,222,222,222,222,222,222,222
228,2004,8.0,359,359,359,359,359,359,359,359
229,2004,9.0,3,3,3,3,3,3,3,3
230,2004,10.0,13,13,13,13,13,13,13,13
231,2004,11.0,30,30,30,30,30,30,30,30
232,2004,12.0,6,6,6,6,6,6,6,6
233,2004,13.0,36,36,36,36,36,36,36,36
234,2004,14.0,161,161,161,161,161,161,161,161
235,2004,15.0,128,128,128,128,128,128,128,128
236,2004,16.0,160,160,160,160,160,160,160,160
237,2004,17.0,68,68,68,68,68,68,68,68
238,2004,18.0,14,14,14,14,14,14,14,14
239,2004,19.0,295,295,295,295,295,295,295,295
240,2004,20.0,83,83,83,83,83,83,83,83
241,2004,21.0,206,206,206,206,206,206,206,206
242,2004,22.0,384,384,384,384,384,384,384,384
243,2004,23.0,508,508,508,508,508,508,508,507
244,2004,24.0,494,494,494,494,494,494,494,493
245,2004,25.0,1099,1099,1099,1099,1099,1099,1099,1098
246,2004,26.0,317,317,317,317,317,317,317,314
247,2004,27.0,308,308,308,308,308,308,308,306
248,2004,28.0,435,435,435,435,435,435,435,433
249,2004,29.0,427,427,427,427,427,427,427,425
250,2004,30.0,289,289,289,289,289,289,289,289
251,2004,31.0,124,124,124,124,124,124,124,124
252,2004,32.0,143,143,143,143,143,143,143,143
253,2004,33.0,80,80,80,80,80,80,80,80
254,2004,34.0,84,84,84,84,84,84,84,84
255,2004,35.0,244,244,244,244,244,244,244,244
256,2004,36.0,20,20,20,20,20,20,20,20
257,2004,37.0,76,76,76,76,76,76,76,76
258,2004,38.0,306,306,306,306,306,306,306,306
259,2004,39.0,85,85,85,85,85,85,85,84
260,2004,40.0,244,244,244,244,244,244,244,244
261,2004,41.0,204,204,204,204,204,204,204,204
262,2004,42.0,330,330,330,330,330,330,330,330
263,2004,43.0,646,646,646,646,646,646,646,646
264,2004,44.0,470,470,470,470,470,470,470,470
265,2004,45.0,118,118,118,118,118,118,118,117
266,2004,46.0,335,335,335,335,335,335,335,334
267,2004,47.0,27,27,27,27,27,27,27,27
268,2004,48.0,134,134,134,134,134,134,134,134
269,2004,49.0,476,476,476,476,476,476,476,476
270,2004,50.0,49,49,49,49,49,49,49,49
271,2004,51.0,59,59,59,59,59,59,59,59
272,2004,52.0,39,39,39,39,39,39,39,38
273,2004,53.0,265,265,265,265,265,265,265,265
274,2004,54.0,76,76,76,76,76,76,76,76
275,2004,55.0,25,25,25,25,25,25,25,25
276,2004,56.0,154,154,154,154,154,154,154,153
277,2004,57.0,57,57,57,57,57,57,57,57
278,2004,58.0,155,155,155,155,155,155,155,155
279,2004,59.0,51,51,51,51,51,51,51,51
280,2004,60.0,44,44,44,44,44,44,44,44
281,2004,61.0,352,352,352,352,352,352,352,352
282,2004,62.0,55,55,55,55,55,55,55,55
283,2004,63.0,135,135,135,135,135,135,135,135
284,2004,64.0,27,27,27,27,27,27,27,27
285,2004,65.0,83,83,83,83,83,83,83,83
286,2004,66.0,464,464,464,464,464,464,464,462
287,2004,67.0,450,450,450,450,450,450,450,447
288,2004,68.0,502,502,502,502,502,502,502,501
289,2004,69.0,551,551,551,551,551,551,551,548
290,2004,70.0,180,180,180,180,180,180,180,180
291,2004,71.0,579,579,579,579,579,579,579,579
292,2004,72.0,50,50,50,50,50,50,50,50
293,2004,73.0,205,205,205,205,205,205,205,205
294,2004,74.0,25,25,25,25,25,25,25,25
295,2004,75.0,100,100,100,100,100,100,100,100
296,2004,76.0,7,7,7,7,7,7,7,7
297,2004,77.0,197,197,197,197,197,197,197,197
298,2005,1.0,306,306,306,306,306,306,306,304
299,2005,2.0,194,194,194,194,194,194,194,194
300,2005,3.0,227,227,227,227,227,227,227,227
301,2005,4.0,85,85,85,85,85,85,85,85
302,2005,5.0,51,51,51,51,51,51,51,50
303,2005,6.0,281,281,281,281,281,281,281,280
304,2005,7.0,174,174,174,174,174,174,174,174
305,2005,8.0,340,340,340,340,340,340,340,340
306,2005,9.0,1,1,1,1,1,1,1,1
307,2005,10.0,14,14,14,14,14,14,14,14
308,2005,11.0,30,30,30,30,30,30,30,30
309,2005,12.0,13,13,13,13,13,13,13,13
310,2005,13.0,29,29,29,29,29,29,29,29
311,2005,14.0,148,148,148,148,148,148,148,148
312,2005,15.0,128,128,128,128,128,128,128,128
313,2005,16.0,114,114,114,114,114,114,114,114
314,2005,17.0,37,37,37,37,37,37,37,37
315,2005,18.0,22,22,22,22,22,22,22,22
316,2005,19.0,283,283,283,283,283,283,283,283
317,2005,20.0,87,87,87,87,87,87,87,86
318,2005,21.0,150,150,150,150,150,150,150,150
319,2005,22.0,370,370,370,370,370,370,370,369
320,2005,23.0,564,564,564,564,564,564,564,563
321,2005,24.0,473,473,473,473,473,473,473,472
322,2005,25.0,1131,1131,1131,1131,1131,1131,1131,1126
323,2005,26.0,337,337,337,337,337,337,337,337
324,2005,27.0,273,273,273,273,273,273,273,273
325,2005,28.0,403,403,403,403,403,403,403,402
326,2005,29.0,484,484,484,484,484,484,484,484
327,2005,30.0,285,285,285,285,285,285,285,285
328,2005,31.0,136,136,136,136,136,136,136,136
329,2005,32.0,202,202,202,202,202,202,202,202
330,2005,33.0,78,78,78,78,78,78,78,76
331,2005,34.0,121,121,121,121,121,121,121,120
332,2005,35.0,218,218,218,218,218,218,218,218
333,2005,36.0,37,37,37,37,37,37,37,37
334,2005,37.0,72,72,72,72,72,72,72,71
335,2005,38.0,242,242,242,242,242,242,242,242
336,2005,39.0,116,116,116,116,116,116,116,116
337,2005,40.0,281,281,281,281,281,281,281,281
338,2005,41.0,226,226,226,226,226,226,226,225
339,2005,42.0,348,348,348,348,348,348,348,347
340,2005,43.0,642,642,642,642,642,642,642,642
341,2005,44.0,486,486,486,486,486,486,486,483
342,2005,45.0,120,120,120,120,120,120,120,120
343,2005,46.0,312,312,312,312,312,312,312,311
344,2005,47.0,21,21,21,21,21,21,21,21
345,2005,48.0,114,114,114,114,114,114,114,114
346,2005,49.0,524,524,524,524,524,524,524,518
347,2005,50.0,66,66,66,66,66,66,66,66
348,2005,51.0,93,93,93,93,93,93,93,93
349,2005,52.0,45,45,45,45,45,45,45,45
350,2005,53.0,318,318,318,318,318,318,318,313
351,2005,54.0,60,60,60,60,60,60,60,59
352,2005,55.0,21,21,21,21,21,21,21,21
353,2005,56.0,117,117,117,117,117,117,117,117
354,2005,57.0,59,59,59,59,59,59,59,59
355,2005,58.0,161,161,161,161,161,161,161,160
356,2005,59.0,37,37,37,37,37,37,37,37
357,2005,60.0,81,81,81,81,81,81,81,81
358,2005,61.0,330,330,330,330,330,330,330,330
359,2005,62.0,45,45,45,45,45,45,45,45
360,2005,63.0,154,154,154,154,154,154,154,154
361,2005,64.0,16,16,16,16,16,16,16,16
362,2005,65.0,110,110,110,110,110,110,110,110
363,2005,66.0,548,548,548,548,548,548,548,546
364,2005,67.0,496,496,496,496,496,496,496,490
365,2005,68.0,462,462,462,462,462,462,462,457
366,2005,69.0,516,516,516,516,516,516,516,514
367,2005,70.0,191,191,191,191,191,191,191,190
368,2005,71.0,602,602,602,602,602,602,602,598
369,2005,72.0,79,79,79,79,79,79,79,79
370,2005,73.0,220,220,220,220,220,220,220,219
371,2005,74.0,7,7,7,7,7,7,7,7
372,2005,75.0,130,130,130,130,130,130,130,130
373,2005,76.0,12,12,12,12,12,12,12,12
374,2005,77.0,192,192,192,192,192,192,192,192
375,2006,1.0,267,267,267,267,267,267,267,267
376,2006,2.0,195,195,195,195,195,195,195,194
377,2006,3.0,194,194,194,194,194,194,194,194
378,2006,4.0,71,71,71,71,71,71,71,71
379,2006,5.0,61,61,61,61,61,61,61,60
380,2006,6.0,247,247,247,247,247,247,247,247
381,2006,7.0,195,195,195,195,195,195,195,194
382,2006,8.0,321,321,321,321,321,321,321,320
383,2006,9.0,4,4,4,4,4,4,4,4
384,2006,10.0,16,16,16,16,16,16,16,16
385,2006,11.0,20,20,20,20,20,20,20,20
386,2006,12.0,9,9,9,9,9,9,9,9
387,2006,13.0,36,36,36,36,36,36,36,36
388,2006,14.0,134,134,134,134,134,134,134,134
389,2006,15.0,131,131,131,131,131,131,131,131
390,2006,16.0,146,146,146,146,146,146,146,146
391,2006,17.0,43,43,43,43,43,43,43,43
392,2006,18.0,27,27,27,27,27,27,27,26
393,2006,19.0,251,251,251,251,251,251,251,251
394,2006,20.0,90,90,90,90,90,90,90,90
395,2006,21.0,221,221,221,221,221,221,221,221
396,2006,22.0,338,338,338,338,338,338,338,335
397,2006,23.0,437,437,437,437,437,437,437,437
398,2006,24.0,406,406,406,406,406,406,406,405
399,2006,25.0,1116,1116,1116,1116,1116,1116,1116,1113
400,2006,26.0,341,341,341,341,341,341,341,338
401,2006,27.0,335,335,335,335,335,335,335,335
402,2006,28.0,409,409,409,409,409,409,409,409
403,2006,29.0,456,456,456,456,456,456,456,456
404,2006,30.0,271,271,271,271,271,271,271,271
405,2006,31.0,121,121,121,121,121,121,121,120
406,2006,32.0,228,228,228,228,228,228,228,228
407,2006,33.0,103,103,103,103,103,103,103,103
408,2006,34.0,67,67,67,67,67,67,67,67
409,2006,35.0,200,200,200,200,200,200,200,200
410,2006,36.0,24,24,24,24,24,24,24,24
411,2006,37.0,58,58,58,58,58,58,58,57
412,2006,38.0,312,312,312,312,312,312,312,311
413,2006,39.0,74,74,74,74,74,74,74,74
414,2006,40.0,234,234,234,234,234,234,234,233
415,2006,41.0,176,176,176,176,176,176,176,175
416,2006,42.0,360,360,360,360,360,360,360,360
417,2006,43.0,659,659,659,659,659,659,659,659
418,2006,44.0,492,492,492,492,492,492,492,492
419,2006,45.0,104,104,104,104,104,104,104,104
420,2006,46.0,332,332,332,332,332,332,332,332
421,2006,47.0,27,27,27,27,27,27,27,27
422,2006,48.0,135,135,135,135,135,135,135,135
423,2006,49.0,587,587,587,587,587,587,587,586
424,2006,50.0,74,74,74,74,74,74,74,74
425,2006,51.0,79,79,79,79,79,79,79,79
426,2006,52.0,36,36,36,36,36,36,36,36
427,2006,53.0,333,333,333,333,333,333,333,333
428,2006,54.0,79,79,79,79,79,79,79,79
429,2006,55.0,13,13,13,13,13,13,13,13
430,2006,56.0,104,104,104,104,104,104,104,104
431,2006,57.0,88,88,88,88,88,88,88,88
432,2006,58.0,153,153,153,153,153,153,153,153
433,2006,59.0,52,52,52,52,52,52,52,52
434,2006,60.0,61,61,61,61,61,61,61,61
435,2006,61.0,379,379,379,379,379,379,379,379
436,2006,62.0,39,39,39,39,39,39,39,39
437,2006,63.0,136,136,136,136,136,136,136,136
438,2006,64.0,31,31,31,31,31,31,31,30
439,2006,65.0,140,140,140,140,140,140,140,140
440,2006,66.0,555,555,555,555,555,555,555,554
441,2006,67.0,502,502,502,502,502,502,502,501
442,2006,68.0,488,488,488,488,488,488,488,488
443,2006,69.0,561,561,561,561,561,561,561,561
444,2006,70.0,232,232,232,232,232,232,232,232
445,2006,71.0,597,597,597,597,597,597,597,597
446,2006,72.0,76,76,76,76,76,76,76,76
447,2006,73.0,220,220,220,220,220,220,220,219
448,2006,74.0,13,13,13,13,13,13,13,13
449,2006,75.0,143,143,143,143,143,143,143,143
450,2006,76.0,10,10,10,10,10,10,10,10
451,2006,77.0,169,169,169,169,169,169,169,169
452,2007,1.0,259,259,259,259,259,259,259,259
453,2007,2.0,114,114,114,114,114,114,114,114
454,2007,3.0,200,200,200,200,200,200,200,200
455,2007,4.0,58,58,58,58,58,58,58,58
456,2007,5.0,46,46,46,46,46,46,46,46
457,2007,6.0,236,236,236,236,236,236,236,236
458,2007,7.0,170,170,170,170,170,170,170,170
459,2007,8.0,354,354,354,354,354,354,354,354
460,2007,9.0,2,2,2,2,2,2,2,2
461,2007,10.0,16,16,16,16,16,16,16,16
462,2007,11.0,30,30,30,30,30,30,30,30
463,2007,12.0,8,8,8,8,8,8,8,8
464,2007,13.0,27,27,27,27,27,27,27,27
465,2007,14.0,135,135,135,135,135,135,135,134
466,2007,15.0,143,143,143,143,143,143,143,143
467,2007,16.0,131,131,131,131,131,131,131,131
468,2007,17.0,49,49,49,49,49,49,49,49
469,2007,18.0,25,25,25,25,25,25,25,25
470,2007,19.0,238,238,238,238,238,238,238,238
471,2007,20.0,82,82,82,82,82,82,82,82
472,2007,21.0,151,151,151,151,151,151,151,151
473,2007,22.0,296,296,296,296,296,296,296,296
474,2007,23.0,464,464,464,464,464,464,464,464
475,2007,24.0,414,414,414,414,414,414,414,413
476,2007,25.0,1051,1051,1051,1051,1051,1051,1051,1050
477,2007,26.0,325,325,325,325,325,325,325,325
478,2007,27.0,288,288,288,288,288,288,288,288
479,2007,28.0,359,359,359,359,359,359,359,358
480,2007,29.0,437,437,437,437,437,437,437,437
481,2007,30.0,253,253,253,253,253,253,253,253
482,2007,31.0,108,108,108,108,108,108,108,108
483,2007,32.0,241,241,241,241,241,241,241,241
484,2007,33.0,85,85,85,85,85,85,85,85
485,2007,34.0,58,58,58,58,58,58,58,58
486,2007,35.0,168,168,168,168,168,168,168,168
487,2007,36.0,27,27,27,27,27,27,27,27
488,2007,37.0,46,46,46,46,46,46,46,46
489,2007,38.0,258,258,258,258,258,258,258,258
490,2007,39.0,98,98,98,98,98,98,98,98
491,2007,40.0,237,237,237,237,237,237,237,237
492,2007,41.0,177,177,177,177,177,177,177,177
493,2007,42.0,387,387,387,387,387,387,387,387
494,2007,43.0,804,804,804,804,804,804,804,804
495,2007,44.0,520,520,520,520,520,520,520,520
496,2007,45.0,125,125,125,125,125,125,125,125
497,2007,46.0,395,395,395,395,395,395,395,395
498,2007,47.0,27,27,27,27,27,27,27,27
499,2007,48.0,134,134,134,134,134,134,134,134
500,2007,49.0,508,508,508,508,508,508,508,508
501,2007,50.0,75,75,75,75,75,75,75,75
502,2007,51.0,96,96,96,96,96,96,96,96
503,2007,52.0,49,49,49,49,49,49,49,49
504,2007,53.0,270,270,270,270,270,270,270,270
505,2007,54.0,94,94,94,94,94,94,94,94
506,2007,55.0,19,19,19,19,19,19,19,19
507,2007,56.0,85,85,85,85,85,85,85,85
508,2007,57.0,43,43,43,43,43,43,43,43
509,2007,58.0,140,140,140,140,140,140,140,140
510,2007,59.0,38,38,38,38,38,38,38,38
511,2007,60.0,44,44,44,44,44,44,44,44
512,2007,61.0,293,293,293,293,293,293,293,293
513,2007,62.0,30,30,30,30,30,30,30,30
514,2007,63.0,127,127,127,127,127,127,127,127
515,2007,64.0,19,19,19,19,19,19,19,19
516,2007,65.0,84,84,84,84,84,84,84,84
517,2007,66.0,587,587,587,587,587,587,587,587
518,2007,67.0,521,521,521,521,521,521,521,521
519,2007,68.0,613,613,613,613,613,613,613,613
520,2007,69.0,588,588,588,588,588,588,588,588
521,2007,70.0,216,216,216,216,216,216,216,216
522,2007,71.0,610,610,610,610,610,610,610,610
523,2007,72.0,50,50,50,50,50,50,50,50
524,2007,73.0,219,219,219,219,219,219,219,219
525,2007,74.0,8,8,8,8,8,8,8,8
526,2007,75.0,89,89,89,89,89,89,89,89
527,2007,76.0,9,9,9,9,9,9,9,9
528,2007,77.0,115,115,115,115,115,115,115,115
529,2008,1.0,301,301,301,301,301,301,301,299
530,2008,2.0,166,166,166,166,166,166,166,165
531,2008,3.0,186,186,186,186,186,186,186,184
532,2008,4.0,65,65,65,65,65,65,65,64
533,2008,5.0,50,50,50,50,50,49,50,49
534,2008,6.0,279,279,279,279,279,279,279,279
535,2008,7.0,189,189,189,189,189,188,189,188
536,2008,8.0,350,350,350,350,350,350,350,347
537,2008,9.0,4,4,4,4,4,4,4,3
538,2008,10.0,18,18,18,18,18,18,18,18
539,2008,11.0,27,27,27,27,27,27,27,27
540,2008,12.0,11,11,11,11,11,11,11,11
541,2008,13.0,21,21,21,21,21,21,21,21
542,2008,14.0,116,116,116,116,116,116,116,115
543,2008,15.0,133,133,133,133,133,133,133,132
544,2008,16.0,132,132,132,132,132,132,132,131
545,2008,17.0,58,58,58,58,58,58,58,58
546,2008,18.0,26,26,26,26,26,26,26,26
547,2008,19.0,308,308,308,308,308,308,308,303
548,2008,20.0,88,88,88,88,88,87,88,87
549,2008,21.0,145,145,145,145,145,145,145,144
550,2008,22.0,296,296,296,296,296,296,296,292
551,2008,23.0,589,589,589,589,589,588,589,583
552,2008,24.0,426,426,426,426,426,426,426,419
553,2008,25.0,1189,1189,1189,1189,1189,1189,1189,1175
554,2008,26.0,362,362,362,362,362,361,362,360
555,2008,27.0,365,365,365,365,365,365,365,362
556,2008,28.0,404,404,404,404,404,404,404,404
557,2008,29.0,487,487,487,487,487,487,487,486
558,2008,30.0,278,278,278,278,278,278,278,276
559,2008,31.0,109,109,109,109,109,109,109,107
560,2008,32.0,235,235,235,235,235,235,235,235
561,2008,33.0,65,65,65,65,65,65,65,65
562,2008,34.0,73,73,73,73,73,73,73,73
563,2008,35.0,144,144,144,144,144,144,144,144
564,2008,36.0,26,26,26,26,26,26,26,25
565,2008,37.0,90,90,90,90,90,90,90,90
566,2008,38.0,263,263,263,263,263,263,263,261
567,2008,39.0,76,76,76,76,76,76,76,74
568,2008,40.0,206,206,206,206,206,206,206,204
569,2008,41.0,114,114,114,114,114,114,114,114
570,2008,42.0,352,352,352,352,352,352,352,351
571,2008,43.0,753,753,753,753,753,753,753,752
572,2008,44.0,615,615,615,615,615,615,615,608
573,2008,45.0,165,165,165,165,165,165,165,164
574,2008,46.0,374,374,374,374,374,374,374,373
575,2008,47.0,26,26,26,26,26,26,26,26
576,2008,48.0,150,150,150,150,150,150,150,150
577,2008,49.0,575,575,575,575,575,575,575,573
578,2008,50.0,50,50,50,50,50,50,50,50
579,2008,51.0,107,107,107,107,107,107,107,106
580,2008,52.0,39,39,39,39,39,39,39,39
581,2008,53.0,268,268,268,268,268,268,268,267
582,2008,54.0,68,68,68,68,68,68,68,68
583,2008,55.0,25,25,25,25,25,25,25,25
584,2008,56.0,105,105,105,105,105,105,105,105
585,2008,57.0,57,57,57,57,57,57,57,56
586,2008,58.0,143,143,143,143,143,143,143,142
587,2008,59.0,47,47,47,47,47,47,47,47
588,2008,60.0,55,55,55,55,55,55,55,55
589,2008,61.0,327,327,327,327,327,327,327,324
590,2008,62.0,66,66,66,66,66,66,66,66
591,2008,63.0,149,149,149,149,149,149,149,147
592,2008,64.0,30,30,30,30,30,30,30,30
593,2008,65.0,106,106,106,106,106,106,106,106
594,2008,66.0,711,711,711,711,711,711,711,709
595,2008,67.0,563,563,563,563,563,563,563,562
596,2008,68.0,669,669,669,669,669,669,669,663
597,2008,69.0,656,656,656,656,656,656,656,652
598,2008,70.0,203,203,203,203,203,203,203,203
599,2008,71.0,706,706,706,706,706,706,706,702
600,2008,72.0,48,48,48,48,48,48,48,48
601,2008,73.0,238,238,238,238,238,238,238,237
602,2008,74.0,22,22,22,22,22,22,22,22
603,2008,75.0,103,103,103,103,103,103,103,103
604,2008,76.0,7,7,7,7,7,7,7,7
605,2008,77.0,167,167,167,167,167,167,167,165
606,2009,1.0,327,327,327,327,327,327,327,324
607,2009,2.0,168,168,168,168,168,168,168,168
608,2009,3.0,177,177,177,177,177,177,177,177
609,2009,4.0,58,58,58,58,58,58,58,57
610,2009,5.0,50,50,50,50,50,50,50,50
611,2009,6.0,278,278,278,278,278,278,278,276
612,2009,7.0,189,189,189,189,189,189,189,189
613,2009,8.0,277,277,277,277,277,277,277,273
614,2009,9.0,2,2,2,2,2,2,2,2
615,2009,10.0,19,19,19,19,19,19,19,19
616,2009,11.0,28,28,28,28,28,28,28,28
617,2009,12.0,8,8,8,8,8,8,8,8
618,2009,13.0,31,31,31,31,31,31,31,30
619,2009,14.0,112,112,112,112,112,112,112,112
620,2009,15.0,151,151,151,151,151,151,151,150
621,2009,16.0,140,140,140,140,140,140,140,139
622,2009,17.0,47,47,47,47,47,47,47,47
623,2009,18.0,21,21,21,21,21,21,21,21
624,2009,19.0,307,307,307,307,307,307,307,304
625,2009,20.0,106,106,106,106,106,106,106,104
626,2009,21.0,192,192,192,192,192,192,192,192
627,2009,22.0,352,352,352,352,352,352,352,351
628,2009,23.0,545,545,545,545,545,545,545,543
629,2009,24.0,447,447,447,447,447,447,447,443
630,2009,25.0,1299,1299,1299,1299,1299,1299,1299,1287
631,2009,26.0,337,337,337,337,337,337,337,328
632,2009,27.0,312,312,312,312,312,312,312,307
633,2009,28.0,375,375,375,375,375,375,375,370
634,2009,29.0,449,449,449,449,449,449,449,446
635,2009,30.0,260,260,260,260,260,260,260,258
636,2009,31.0,110,110,110,110,110,110,110,110
637,2009,32.0,249,249,249,249,249,249,249,245
638,2009,33.0,55,55,55,55,55,55,55,55
639,2009,34.0,75,75,75,75,75,75,75,75
640,2009,35.0,114,114,114,114,114,114,114,110
641,2009,36.0,34,34,34,34,34,34,34,34
642,2009,37.0,52,52,52,52,52,52,52,51
643,2009,38.0,235,235,235,235,235,235,235,234
644,2009,39.0,89,89,89,89,89,89,89,89
645,2009,40.0,223,223,223,223,223,223,223,221
646,2009,41.0,118,118,118,118,118,118,118,118
647,2009,42.0,367,367,367,367,367,367,367,366
648,2009,43.0,635,635,635,635,635,635,635,632
649,2009,44.0,577,577,577,577,577,577,577,570
650,2009,45.0,149,149,149,149,149,149,149,148
651,2009,46.0,344,344,344,344,344,344,344,343
652,2009,47.0,26,26,26,26,26,26,26,26
653,2009,48.0,106,106,106,106,106,106,106,105
654,2009,49.0,515,515,515,515,515,515,515,505
655,2009,50.0,38,38,38,38,38,38,38,37
656,2009,51.0,96,96,96,96,96,96,96,96
657,2009,52.0,38,38,38,38,38,38,38,38
658,2009,53.0,249,249,249,249,249,249,249,246
659,2009,54.0,67,67,67,67,67,67,67,67
660,2009,55.0,9,9,9,9,9,9,9,9
661,2009,56.0,68,68,68,68,68,68,68,68
662,2009,57.0,55,55,55,55,55,55,55,55
663,2009,58.0,128,128,128,128,128,128,128,127
664,2009,59.0,36,36,36,36,36,36,36,35
665,2009,60.0,26,26,26,26,26,26,26,26
666,2009,61.0,267,267,267,267,267,267,267,263
667,2009,62.0,55,55,55,55,55,55,55,55
668,2009,63.0,182,182,182,182,182,182,182,180
669,2009,64.0,32,32,32,32,32,32,32,32
670,2009,65.0,122,122,122,122,122,122,122,122
671,2009,66.0,649,649,649,649,649,649,649,645
672,2009,67.0,571,571,571,571,571,571,571,567
673,2009,68.0,593,593,593,593,593,593,593,588
674,2009,69.0,644,644,644,644,644,644,644,639
675,2009,70.0,168,168,168,168,168,168,168,167
676,2009,71.0,666,666,666,666,666,666,666,665
677,2009,72.0,34,34,34,34,34,34,34,34
678,2009,73.0,244,244,244,244,244,244,244,244
679,2009,74.0,10,10,10,10,10,10,10,8
680,2009,75.0,130,130,130,130,130,130,130,130
681,2009,76.0,6,6,6,6,6,6,6,5
682,2009,77.0,113,113,113,113,113,113,113,113
683,2010,1.0,262,262,262,262,262,262,262,262
684,2010,2.0,187,187,187,187,187,187,187,187
685,2010,3.0,169,169,169,169,169,169,169,169
686,2010,4.0,56,56,56,56,56,56,56,56
687,2010,5.0,50,50,50,50,50,50,50,50
688,2010,6.0,284,284,284,284,284,284,284,284
689,2010,7.0,161,161,161,161,161,161,161,161
690,2010,8.0,349,349,349,349,349,349,349,348
691,2010,9.0,3,3,3,3,3,3,3,3
692,2010,10.0,8,8,8,8,8,8,8,8
693,2010,11.0,15,15,15,15,15,15,15,15
694,2010,12.0,2,2,2,2,2,2,2,2
695,2010,13.0,37,37,37,37,37,37,37,37
696,2010,14.0,130,130,130,130,130,130,130,130
697,2010,15.0,100,100,100,100,100,100,100,100
698,2010,16.0,129,129,129,129,129,129,129,129
699,2010,17.0,45,45,45,45,45,45,45,45
700,2010,18.0,19,19,19,19,19,19,19,19
701,2010,19.0,294,294,294,294,294,294,294,294
702,2010,20.0,87,87,87,87,87,87,87,87
703,2010,21.0,122,122,122,122,122,122,122,122
704,2010,22.0,321,321,321,321,321,321,321,321
705,2010,23.0,433,433,433,433,433,433,433,433
706,2010,24.0,412,412,412,412,412,412,412,412
707,2010,25.0,1239,1239,1239,1239,1239,1239,1239,1239
708,2010,26.0,321,321,321,321,321,321,321,321
709,2010,27.0,345,345,345,345,345,345,345,345
710,2010,28.0,334,334,334,334,334,334,334,334
711,2010,29.0,449,449,449,449,449,449,449,449
712,2010,30.0,280,280,280,280,280,280,280,280
713,2010,31.0,80,80,80,80,80,80,80,80
714,2010,32.0,272,272,272,272,272,272,272,272
715,2010,33.0,43,43,43,43,43,43,43,43
716,2010,34.0,82,82,82,82,82,82,82,82
717,2010,35.0,100,100,100,100,100,100,100,100
718,2010,36.0,25,25,25,25,25,25,25,25
719,2010,37.0,59,59,59,59,59,59,59,59
720,2010,38.0,196,196,196,196,196,196,196,196
721,2010,39.0,78,78,78,78,78,78,78,78
722,2010,40.0,170,170,170,170,170,170,170,170
723,2010,41.0,86,86,86,86,86,86,86,86
724,2010,42.0,250,250,250,250,250,250,250,250
725,2010,43.0,517,517,517,517,517,517,517,517
726,2010,44.0,456,456,456,456,456,456,456,456
727,2010,45.0,104,104,104,104,104,104,104,104
728,2010,46.0,288,288,288,288,288,288,288,288
729,2010,47.0,25,25,25,25,25,25,25,25
730,2010,48.0,110,110,110,110,110,110,110,110
731,2010,49.0,475,475,475,475,475,475,475,475
732,2010,50.0,34,34,34,34,34,34,34,34
733,2010,51.0,98,98,98,98,98,98,98,98
734,2010,52.0,33,33,33,33,33,33,33,33
735,2010,53.0,311,311,311,311,311,311,311,311
736,2010,54.0,64,64,64,64,64,64,64,64
737,2010,55.0,8,8,8,8,8,8,8,8
738,2010,56.0,47,47,47,47,47,47,47,47
739,2010,57.0,65,65,65,65,65,65,65,65
740,2010,58.0,122,122,122,122,122,122,122,122
741,2010,59.0,40,40,40,40,40,40,40,40
742,2010,60.0,55,55,55,55,55,55,55,55
743,2010,61.0,219,219,219,219,219,219,219,218
744,2010,62.0,67,67,67,67,67,67,67,67
745,2010,63.0,198,198,198,198,198,198,198,198
746,2010,64.0,16,16,16,16,16,16,16,16
747,2010,65.0,87,87,87,87,87,87,87,87
748,2010,66.0,577,577,577,577,577,577,577,577
749,2010,67.0,499,499,499,499,499,499,499,499
750,2010,68.0,529,529,529,529,529,529,529,529
751,2010,69.0,486,486,486,486,486,486,486,486
752,2010,70.0,149,149,149,149,149,149,149,149
753,2010,71.0,477,477,477,477,477,477,477,477
754,2010,72.0,24,24,24,24,24,24,24,24
755,2010,73.0,168,168,168,168,168,168,168,168
756,2010,74.0,7,7,7,7,7,7,7,7
757,2010,75.0,99,99,99,99,99,99,99,99
758,2010,76.0,7,7,7,7,7,7,7,7
759,2010,77.0,165,165,165,165,165,165,165,165
760,2011,1.0,255,255,255,255,255,255,255,255
761,2011,2.0,140,140,140,140,140,140,140,140
762,2011,3.0,150,150,150,150,150,150,150,150
763,2011,4.0,44,44,44,44,44,44,44,44
764,2011,5.0,32,32,32,32,32,32,32,32
765,2011,6.0,319,319,319,319,318,319,319,319
766,2011,7.0,152,152,152,152,152,152,152,151
767,2011,8.0,353,353,353,353,353,353,353,352
768,2011,10.0,19,19,19,19,19,19,19,19
769,2011,11.0,19,19,19,19,19,19,19,19
770,2011,12.0,6,6,6,6,6,6,6,6
771,2011,13.0,33,33,33,33,33,33,33,33
772,2011,14.0,129,129,129,129,129,129,129,129
773,2011,15.0,105,105,105,105,105,105,105,104
774,2011,16.0,149,149,149,149,149,149,149,149
775,2011,17.0,33,33,33,33,33,33,33,33
776,2011,18.0,11,11,11,11,11,11,11,11
777,2011,19.0,293,293,293,293,293,293,293,293
778,2011,20.0,82,82,82,82,82,82,82,82
779,2011,21.0,108,108,108,108,108,108,108,108
780,2011,22.0,266,266,266,266,266,266,266,266
781,2011,23.0,420,420,420,420,420,420,420,420
782,2011,24.0,375,375,375,375,375,375,375,375
783,2011,25.0,1120,1120,1120,1120,1120,1120,1120,1120
784,2011,26.0,337,337,337,337,337,337,337,337
785,2011,27.0,303,303,303,303,303,303,303,303
786,2011,28.0,395,395,395,395,395,395,395,395
787,2011,29.0,483,483,483,483,483,483,483,482
788,2011,30.0,260,260,260,260,260,260,260,260
789,2011,31.0,80,80,80,80,80,80,80,80
790,2011,32.0,241,241,241,241,241,241,241,241
791,2011,33.0,53,53,53,53,53,53,53,53
792,2011,34.0,86,86,86,86,86,86,86,86
793,2011,35.0,133,133,133,133,133,133,133,133
794,2011,36.0,26,26,26,26,26,26,26,25
795,2011,37.0,104,104,104,104,104,104,104,104
796,2011,38.0,205,205,205,205,205,205,205,205
797,2011,39.0,91,91,91,91,91,91,91,91
798,2011,40.0,186,186,186,186,186,186,186,186
799,2011,41.0,105,105,105,105,105,105,105,105
800,2011,42.0,230,230,230,230,230,230,230,230
801,2011,43.0,600,600,600,600,600,600,600,600
802,2011,44.0,437,437,437,437,437,437,437,437
803,2011,45.0,139,139,139,139,139,139,139,139
804,2011,46.0,291,291,291,291,291,291,291,291
805,2011,47.0,17,17,17,17,17,17,17,17
806,2011,48.0,109,109,109,109,109,109,109,109
807,2011,49.0,440,440,440,440,440,440,440,440
808,2011,50.0,37,37,37,37,37,37,37,37
809,2011,51.0,100,100,100,100,100,100,100,100
810,2011,52.0,20,20,20,20,20,20,20,20
811,2011,53.0,270,270,270,270,270,270,270,270
812,2011,54.0,68,68,68,68,68,68,68,68
813,2011,55.0,11,11,11,11,11,11,11,11
814,2011,56.0,38,38,38,38,38,38,38,38
815,2011,57.0,53,53,53,53,53,53,53,53
816,2011,58.0,140,140,140,140,140,140,140,140
817,2011,59.0,31,31,31,31,31,31,31,31
818,2011,60.0,67,67,67,67,67,67,67,67
819,2011,61.0,240,240,240,240,240,240,240,240
820,2011,62.0,67,67,67,67,67,67,67,67
821,2011,63.0,124,124,124,124,124,124,124,124
822,2011,64.0,18,18,18,18,18,18,18,18
823,2011,65.0,110,110,110,110,110,110,110,110
824,2011,66.0,469,469,469,469,469,469,469,468
825,2011,67.0,455,455,455,455,455,455,455,455
826,2011,68.0,526,526,526,526,526,526,526,526
827,2011,69.0,521,521,521,521,521,521,521,521
828,2011,70.0,131,131,131,131,131,131,131,131
829,2011,71.0,487,487,487,487,487,487,487,487
830,2011,72.0,43,43,43,43,43,43,43,43
831,2011,73.0,175,175,175,175,175,175,175,175
832,2011,74.0,9,9,9,9,9,9,9,9
833,2011,75.0,102,102,102,102,102,102,102,102
834,2011,76.0,10,10,10,10,10,10,10,10
835,2011,77.0,131,131,131,131,131,131,131,131
836,2012,1.0,208,208,208,208,208,208,208,208
837,2012,2.0,148,148,148,148,148,148,148,148
838,2012,3.0,145,145,145,145,145,145,145,145
839,2012,4.0,54,54,54,54,54,54,54,54
840,2012,5.0,44,44,44,44,44,44,44,44
841,2012,6.0,349,349,349,349,348,349,349,349
842,2012,7.0,138,138,138,138,138,138,138,138
843,2012,8.0,273,273,273,273,273,273,273,273
844,2012,9.0,4,4,4,4,4,4,4,4
845,2012,10.0,18,18,18,18,18,18,18,18
846,2012,11.0,27,27,27,27,27,27,27,27
847,2012,12.0,3,3,3,3,3,3,3,3
848,2012,13.0,23,23,23,23,23,23,23,23
849,2012,14.0,119,119,119,119,119,119,119,119
850,2012,15.0,113,113,113,113,113,113,113,113
851,2012,16.0,99,99,99,99,99,99,99,99
852,2012,17.0,37,37,37,37,37,37,37,37
853,2012,18.0,12,12,12,12,12,12,12,12
854,2012,19.0,212,212,212,212,212,212,212,212
855,2012,20.0,59,59,59,59,59,59,59,59
856,2012,21.0,115,115,115,115,115,115,115,115
857,2012,22.0,233,233,233,233,233,233,233,233
858,2012,23.0,465,465,465,465,465,465,465,465
859,2012,24.0,391,391,391,391,391,391,391,391
860,2012,25.0,1010,1010,1010,1010,1010,1010,1010,1010
861,2012,26.0,329,329,329,329,329,329,329,329
862,2012,27.0,347,347,347,347,347,347,347,347
863,2012,28.0,366,366,366,366,366,366,366,366
864,2012,29.0,466,466,466,466,466,466,466,465
865,2012,30.0,275,275,275,275,275,275,275,275
866,2012,31.0,85,85,85,85,85,85,85,85
867,2012,32.0,201,201,201,201,201,201,201,201
868,2012,33.0,66,66,66,66,66,66,66,66
869,2012,34.0,79,79,79,79,79,79,79,79
870,2012,35.0,127,127,127,127,127,127,127,127
871,2012,36.0,29,29,29,29,29,29,29,29
872,2012,37.0,90,90,90,90,90,90,90,90
873,2012,38.0,217,217,217,217,216,217,217,217
874,2012,39.0,87,87,87,87,87,87,87,87
875,2012,40.0,167,167,167,167,167,167,167,167
876,2012,41.0,100,100,100,100,100,100,100,100
877,2012,42.0,240,240,240,240,240,240,240,240
878,2012,43.0,624,624,624,624,624,624,624,623
879,2012,44.0,488,488,488,488,488,488,488,488
880,2012,45.0,115,115,115,115,115,115,115,115
881,2012,46.0,291,291,291,291,291,291,291,291
882,2012,47.0,15,15,15,15,15,15,15,15
883,2012,48.0,128,128,128,128,128,128,128,128
884,2012,49.0,487,487,487,487,487,487,487,487
885,2012,50.0,39,39,39,39,39,39,39,39
886,2012,51.0,93,93,93,93,93,93,93,93
887,2012,52.0,28,28,28,28,28,28,28,28
888,2012,53.0,216,216,216,216,216,216,216,216
889,2012,54.0,43,43,43,43,43,43,43,43
890,2012,55.0,12,12,12,12,12,12,12,12
891,2012,56.0,52,52,52,52,52,52,52,52
892,2012,57.0,69,69,69,69,69,69,69,69
893,2012,58.0,128,128,128,128,128,128,128,128
894,2012,59.0,29,29,29,29,29,29,29,29
895,2012,60.0,48,48,48,48,48,48,48,48
896,2012,61.0,244,244,244,244,244,244,244,244
897,2012,62.0,63,63,63,63,63,63,63,63
898,2012,63.0,150,150,150,150,150,150,150,150
899,2012,64.0,23,23,23,23,23,23,23,23
900,2012,65.0,95,95,95,95,95,95,95,95
901,2012,66.0,438,438,438,438,438,438,438,438
902,2012,67.0,470,470,470,470,470,470,470,470
903,2012,68.0,436,436,436,436,436,436,436,436
904,2012,69.0,535,535,535,535,535,535,535,535
905,2012,70.0,130,130,130,130,130,130,130,130
906,2012,71.0,444,444,444,444,444,444,444,444
907,2012,72.0,45,45,45,45,45,45,45,45
908,2012,73.0,228,228,228,228,228,228,228,228
909,2012,74.0,10,10,10,10,10,10,10,10
910,2012,75.0,99,99,99,99,99,99,99,99
911,2012,76.0,11,11,11,11,11,11,11,11
912,2012,77.0,103,103,103,103,103,103,103,103
913,2013,1.0,140,140,140,140,140,140,140,140
914,2013,2.0,152,152,152,152,152,152,152,152
915,2013,3.0,124,124,124,124,124,124,124,124
916,2013,4.0,47,47,47,47,47,47,47,47
917,2013,5.0,42,42,42,42,42,42,42,42
918,2013,6.0,356,356,356,356,356,356,356,356
919,2013,7.0,129,129,129,129,129,129,129,129
920,2013,8.0,202,202,202,202,202,202,202,202
921,2013,9.0,1,1,1,1,1,1,1,1
922,2013,10.0,4,4,4,4,4,4,4,4
923,2013,11.0,28,28,28,28,28,28,28,28
924,2013,12.0,5,5,5,5,5,5,5,5
925,2013,13.0,20,20,20,20,20,20,20,20
926,2013,14.0,129,129,129,129,129,129,129,129
927,2013,15.0,87,87,87,87,87,87,87,87
928,2013,16.0,134,134,134,134,134,134,134,134
929,2013,17.0,29,29,29,29,29,29,29,29
930,2013,18.0,20,20,20,20,20,20,20,20
931,2013,19.0,168,168,168,168,168,168,168,168
932,2013,20.0,57,57,57,57,57,57,57,57
933,2013,21.0,115,115,115,115,115,115,115,115
934,2013,22.0,211,211,211,211,211,211,211,211
935,2013,23.0,395,395,395,395,395,395,395,395
936,2013,24.0,321,321,321,321,321,321,321,321
937,2013,25.0,776,776,776,776,776,776,776,776
938,2013,26.0,242,242,242,242,242,242,242,241
939,2013,27.0,258,258,258,258,258,258,258,258
940,2013,28.0,304,304,304,304,304,304,304,304
941,2013,29.0,401,401,401,401,401,401,401,401
942,2013,30.0,253,253,253,253,253,253,253,253
943,2013,31.0,72,72,72,72,72,72,72,72
944,2013,32.0,196,196,196,196,196,196,196,196
945,2013,33.0,40,40,40,40,40,40,40,40
946,2013,34.0,54,54,54,54,54,54,54,54
947,2013,35.0,123,123,123,123,123,123,123,123
948,2013,36.0,22,22,22,22,22,22,22,22
949,2013,37.0,57,57,57,57,57,57,57,57
950,2013,38.0,208,208,208,208,208,208,208,208
951,2013,39.0,55,55,55,55,55,55,55,55
952,2013,40.0,211,211,211,211,211,211,211,211
953,2013,41.0,79,79,79,79,79,79,79,79
954,2013,42.0,233,233,233,233,233,233,233,233
955,2013,43.0,480,480,480,480,480,480,480,480
956,2013,44.0,423,423,423,423,423,423,423,423
957,2013,45.0,86,86,86,86,86,86,86,86
958,2013,46.0,258,258,258,258,258,258,258,258
959,2013,47.0,19,19,19,19,19,19,19,19
960,2013,48.0,77,77,77,77,77,77,77,77
961,2013,49.0,453,453,453,453,453,453,453,453
962,2013,50.0,41,41,41,41,41,41,41,41
963,2013,51.0,85,85,85,85,85,85,85,85
964,2013,52.0,28,28,28,28,28,28,28,28
965,2013,53.0,183,183,183,183,183,183,183,183
966,2013,54.0,52,52,52,52,52,52,52,52
967,2013,55.0,10,10,10,10,10,10,10,10
968,2013,56.0,49,49,49,49,49,49,49,49
969,2013,57.0,53,53,53,53,53,53,53,53
970,2013,58.0,89,89,89,89,89,89,89,89
971,2013,59.0,29,29,29,29,29,29,29,29
972,2013,60.0,36,36,36,36,36,36,36,36
973,2013,61.0,190,190,190,190,190,190,190,190
974,2013,62.0,43,43,43,43,43,43,43,43
975,2013,63.0,119,119,119,119,119,119,119,119
976,2013,64.0,17,17,17,17,17,17,17,17
977,2013,65.0,103,103,103,103,103,103,103,103
978,2013,66.0,357,357,357,357,357,357,357,357
979,2013,67.0,486,486,486,486,486,486,486,486
980,2013,68.0,431,431,431,431,431,431,431,431
981,2013,69.0,419,419,419,419,419,419,419,419
982,2013,70.0,139,139,139,139,139,139,139,139
983,2013,71.0,493,493,493,493,493,493,493,493
984,2013,72.0,57,57,57,57,57,57,57,57
985,2013,73.0,236,236,236,236,236,236,236,236
986,2013,74.0,9,9,9,9,9,9,9,9
987,2013,75.0,89,89,89,89,89,89,89,89
988,2013,76.0,8,8,8,8,8,8,8,8
989,2013,77.0,102,102,102,102,102,102,102,102
990,2014,1.0,125,125,125,125,125,125,125,125
991,2014,2.0,116,116,116,116,116,116,116,116
992,2014,3.0,110,110,110,110,110,110,110,110
993,2014,4.0,30,30,30,30,30,30,30,30
994,2014,5.0,24,24,24,24,24,24,24,24
995,2014,6.0,234,234,234,234,234,234,234,233
996,2014,7.0,99,99,99,99,99,99,99,99
997,2014,8.0,181,181,181,181,181,181,181,181
998,2014,9.0,1,1,1,1,1,1,1,1
999,2014,10.0,14,14,14,14,14,14,14,14
1000,2014,11.0,22,22,22,22,22,22,22,22
1001,2014,12.0,2,2,2,2,2,2,2,2
1002,2014,13.0,19,19,19,19,19,19,19,19
1003,2014,14.0,96,96,96,96,96,96,96,96
1004,2014,15.0,65,65,65,65,65,65,65,65
1005,2014,16.0,84,84,84,84,84,84,84,84
1006,2014,17.0,23,23,23,23,23,23,23,23
1007,2014,18.0,14,14,14,14,14,14,14,14
1008,2014,19.0,153,153,153,153,153,153,153,152
1009,2014,20.0,50,50,50,50,50,50,50,50
1010,2014,21.0,75,75,75,75,75,75,75,75
1011,2014,22.0,164,164,164,164,164,164,164,164
1012,2014,23.0,344,344,344,344,344,344,344,344
1013,2014,24.0,265,265,265,265,265,265,265,265
1014,2014,25.0,795,795,795,795,795,795,795,794
1015,2014,26.0,263,263,263,263,263,263,263,262
1016,2014,27.0,231,231,231,231,231,231,231,231
1017,2014,28.0,284,284,284,284,284,284,284,284
1018,2014,29.0,406,406,406,406,406,406,406,406
1019,2014,30.0,198,198,198,198,198,198,198,198
1020,2014,31.0,49,49,49,49,49,49,49,49
1021,2014,32.0,159,159,159,159,159,159,159,159
1022,2014,33.0,40,40,40,40,40,40,40,40
1023,2014,34.0,75,75,75,75,75,75,75,75
1024,2014,35.0,139,139,139,139,139,139,139,139
1025,2014,36.0,24,24,24,24,24,24,24,24
1026,2014,37.0,54,54,54,54,54,54,54,54
1027,2014,38.0,178,178,178,178,178,178,178,178
1028,2014,39.0,88,88,88,88,88,88,88,88
1029,2014,40.0,167,167,167,167,167,167,167,167
1030,2014,41.0,81,81,81,81,81,81,81,81
1031,2014,42.0,180,180,180,180,180,180,180,180
1032,2014,43.0,395,395,395,395,395,395,395,395
1033,2014,44.0,302,302,302,302,302,302,302,302
1034,2014,45.0,91,91,91,91,91,91,91,91
1035,2014,46.0,190,190,190,190,190,190,190,190
1036,2014,47.0,20,20,20,20,20,20,20,20
1037,2014,48.0,64,64,64,64,64,64,64,64
1038,2014,49.0,346,346,346,346,346,346,346,346
1039,2014,50.0,36,36,36,36,36,36,36,36
1040,2014,51.0,88,88,88,88,88,88,88,88
1041,2014,52.0,20,20,20,20,20,20,20,20
1042,2014,53.0,178,178,178,178,178,178,178,178
1043,2014,54.0,40,40,40,40,40,40,40,40
1044,2014,55.0,7,7,7,7,7,7,7,7
1045,2014,56.0,43,43,43,43,43,43,43,43
1046,2014,57.0,33,33,33,33,33,33,33,33
1047,2014,58.0,67,67,67,67,67,67,67,67
1048,2014,59.0,31,31,31,31,31,31,31,31
1049,2014,60.0,43,43,43,43,43,43,43,43
1050,2014,61.0,227,227,227,227,227,227,227,227
1051,2014,62.0,40,40,40,40,40,40,40,40
1052,2014,63.0,87,87,87,87,87,87,87,87
1053,2014,64.0,16,16,16,16,16,16,16,16
1054,2014,65.0,57,57,57,57,57,57,57,57
1055,2014,66.0,274,274,274,274,274,274,274,274
1056,2014,67.0,331,331,331,331,331,331,331,331
1057,2014,68.0,375,375,375,375,375,375,375,375
1058,2014,69.0,329,329,329,329,329,329,329,329
1059,2014,70.0,85,85,85,85,85,85,85,85
1060,2014,71.0,393,393,393,393,393,393,393,393
1061,2014,72.0,24,24,24,24,24,24,24,24
1062,2014,73.0,134,134,134,134,134,134,134,134
1063,2014,74.0,4,4,4,4,4,4,4,4
1064,2014,75.0,61,61,61,61,61,61,61,61
1065,2014,76.0,9,9,9,9,9,9,9,9
1066,2014,77.0,64,64,64,64,64,64,64,64
1067,2015,1.0,112,112,112,112,112,112,112,112
1068,2015,2.0,95,95,95,95,95,95,95,95
1069,2015,3.0,128,128,128,128,128,128,128,128
1070,2015,4.0,43,43,43,43,43,43,43,43
1071,2015,5.0,43,43,43,43,43,43,43,43
1072,2015,6.0,196,196,196,196,196,196,196,196
1073,2015,7.0,116,116,116,116,116,116,116,116
1074,2015,8.0,205,205,205,205,205,205,205,205
1075,2015,9.0,1,1,1,1,1,1,1,1
1076,2015,10.0,9,9,9,9,9,9,9,9
1077,2015,11.0,25,25,25,25,25,25,25,25
1078,2015,12.0,3,3,3,3,3,3,3,3
1079,2015,13.0,23,23,23,23,23,23,23,23
1080,2015,14.0,75,75,75,75,75,75,75,75
1081,2015,15.0,90,90,90,90,90,90,90,90
1082,2015,16.0,90,90,90,90,90,90,90,90
1083,2015,17.0,30,30,30,30,30,30,30,30
1084,2015,18.0,16,16,16,16,16,16,16,16
1085,2015,19.0,159,159,159,159,159,159,159,158
1086,2015,20.0,46,46,46,46,46,46,46,46
1087,2015,21.0,91,91,91,91,91,91,91,91
1088,2015,22.0,167,167,167,167,167,167,167,167
1089,2015,23.0,328,328,328,328,328,328,328,328
1090,2015,24.0,239,239,239,239,239,239,239,239
1091,2015,25.0,821,821,821,821,821,821,821,821
1092,2015,26.0,311,311,311,311,311,311,311,311
1093,2015,27.0,243,243,243,243,242,243,243,243
1094,2015,28.0,287,287,287,287,287,287,287,287
1095,2015,29.0,414,414,414,414,414,414,414,414
1096,2015,30.0,218,218,218,218,218,218,218,218
1097,2015,31.0,67,67,67,67,67,67,67,67
1098,2015,32.0,196,196,196,196,196,196,196,196
1099,2015,33.0,60,60,60,60,60,60,60,60
1100,2015,34.0,106,106,106,106,106,106,106,105
1101,2015,35.0,92,92,92,92,92,92,92,92
1102,2015,36.0,30,30,30,30,30,30,30,30
1103,2015,37.0,54,54,54,54,54,54,54,54
1104,2015,38.0,160,160,160,160,160,160,160,159
1105,2015,39.0,87,87,87,87,87,87,87,87
1106,2015,40.0,128,128,128,128,128,128,128,128
1107,2015,41.0,92,92,92,92,92,92,92,91
1108,2015,42.0,179,179,179,179,179,179,179,179
1109,2015,43.0,360,360,360,360,360,360,360,360
1110,2015,44.0,299,299,299,299,299,299,299,299
1111,2015,45.0,67,67,67,67,67,67,67,67
1112,2015,46.0,183,183,183,183,183,183,183,183
1113,2015,47.0,20,20,20,20,20,20,20,20
1114,2015,48.0,66,66,66,66,66,66,66,66
1115,2015,49.0,285,285,285,285,285,285,285,285
1116,2015,50.0,20,20,20,20,20,20,20,20
1117,2015,51.0,61,61,61,61,61,61,61,61
1118,2015,52.0,32,32,32,32,32,32,32,32
1119,2015,53.0,160,160,160,160,160,160,160,160
1120,2015,54.0,45,45,45,45,45,45,45,44
1121,2015,55.0,11,11,11,11,11,11,11,11
1122,2015,56.0,36,36,36,36,36,36,36,36
1123,2015,57.0,44,44,44,44,44,44,44,44
1124,2015,58.0,111,111,111,111,111,111,111,111
1125,2015,59.0,39,39,39,39,39,39,39,39
1126,2015,60.0,44,44,44,44,44,44,44,44
1127,2015,61.0,199,199,199,199,199,199,199,199
1128,2015,62.0,52,52,52,52,52,52,52,52
1129,2015,63.0,127,127,127,127,127,127,127,127
1130,2015,64.0,27,27,27,27,27,27,27,27
1131,2015,65.0,65,65,65,65,65,65,65,65
1132,2015,66.0,255,255,255,255,255,255,255,255
1133,2015,67.0,281,281,281,281,281,281,281,280
1134,2015,68.0,311,311,311,311,311,311,311,311
1135,2015,69.0,316,316,316,316,316,316,316,316
1136,2015,70.0,87,87,87,87,87,87,87,87
1137,2015,71.0,382,382,382,382,382,382,382,382
1138,2015,72.0,20,20,20,20,20,20,20,20
1139,2015,73.0,115,115,115,115,115,115,115,115
1140,2015,74.0,6,6,6,6,6,6,6,6
1141,2015,75.0,65,65,65,65,65,65,65,65
1142,2015,76.0,18,18,18,18,18,18,18,18
1143,2015,77.0,56,56,56,56,56,56,56,56
1144,2016,1.0,164,164,164,164,164,164,164,164
1145,2016,2.0,134,134,134,134,134,134,134,134
1146,2016,3.0,152,152,152,152,152,152,152,152
1147,2016,4.0,53,53,53,53,53,53,53,53
1148,2016,5.0,48,48,48,48,48,48,48,46
1149,2016,6.0,271,271,271,271,271,271,271,271
1150,2016,7.0,134,134,134,134,134,134,134,134
1151,2016,8.0,299,299,299,299,299,299,299,299
1152,2016,9.0,4,4,4,4,4,4,4,4
1153,2016,10.0,16,16,16,16,16,16,16,16
1154,2016,11.0,24,24,24,24,24,24,24,24
1155,2016,12.0,7,7,7,7,7,7,7,7
1156,2016,13.0,32,32,32,32,32,32,32,32
1157,2016,14.0,169,169,169,169,169,169,169,169
1158,2016,15.0,86,86,86,86,86,86,86,86
1159,2016,16.0,113,113,113,113,113,113,113,113
1160,2016,17.0,54,54,54,54,54,54,54,54
1161,2016,18.0,15,15,15,15,15,15,15,15
1162,2016,19.0,196,196,196,196,196,196,196,196
1163,2016,20.0,60,60,60,60,60,60,60,60
1164,2016,21.0,87,87,87,87,87,87,87,87
1165,2016,22.0,219,219,219,219,219,219,219,219
1166,2016,23.0,439,439,439,439,439,439,439,439
1167,2016,24.0,397,397,397,397,397,397,397,397
1168,2016,25.0,944,944,944,944,944,944,944,944
1169,2016,26.0,380,380,380,380,380,380,380,380
1170,2016,27.0,256,256,256,256,256,256,256,256
1171,2016,28.0,367,367,367,367,367,367,367,367
1172,2016,29.0,483,483,483,483,483,483,483,483
1173,2016,30.0,260,260,260,260,260,260,260,260
1174,2016,31.0,97,97,97,97,97,97,97,97
1175,2016,32.0,312,312,312,312,312,312,312,312
1176,2016,33.0,54,54,54,54,54,54,54,54
1177,2016,34.0,111,111,111,111,111,111,111,110
1178,2016,35.0,182,182,182,182,182,182,182,182
1179,2016,36.0,27,27,27,27,27,27,27,27
1180,2016,37.0,60,60,60,60,60,60,60,60
1181,2016,38.0,192,192,192,192,192,192,192,192
1182,2016,39.0,83,83,83,83,83,83,83,83
1183,2016,40.0,184,184,184,184,184,184,184,184
1184,2016,41.0,96,96,96,96,96,96,96,96
1185,2016,42.0,205,205,205,205,205,205,205,205
1186,2016,43.0,484,484,484,484,484,484,484,482
1187,2016,44.0,339,339,339,339,339,339,339,339
1188,2016,45.0,71,71,71,71,71,71,71,71
1189,2016,46.0,233,233,233,233,233,233,233,233
1190,2016,47.0,13,13,13,13,13,13,13,13
1191,2016,48.0,64,64,64,64,64,64,64,64
1192,2016,49.0,384,384,384,384,384,384,384,384
1193,2016,50.0,42,42,42,42,42,42,42,42
1194,2016,51.0,68,68,68,68,68,68,68,68
1195,2016,52.0,25,25,25,25,25,25,25,25
1196,2016,53.0,157,157,157,157,157,157,157,157
1197,2016,54.0,47,47,47,47,47,47,47,47
1198,2016,55.0,6,6,6,6,6,6,6,6
1199,2016,56.0,52,52,52,52,52,52,52,52
1200,2016,57.0,29,29,29,29,29,29,29,29
1201,2016,58.0,163,163,163,163,163,163,163,163
1202,2016,59.0,30,30,30,30,30,30,30,30
1203,2016,60.0,74,74,74,74,74,74,74,74
1204,2016,61.0,302,302,302,302,302,302,302,302
1205,2016,62.0,66,66,66,66,66,66,66,66
1206,2016,63.0,126,126,126,126,126,126,126,126
1207,2016,64.0,27,27,27,27,27,27,27,27
1208,2016,65.0,106,106,106,106,106,106,106,106
1209,2016,66.0,307,307,307,307,307,307,307,307
1210,2016,67.0,391,391,391,391,391,391,391,391
1211,2016,68.0,357,357,357,357,357,357,357,355
1212,2016,69.0,414,414,414,414,414,414,414,414
1213,2016,70.0,135,135,135,135,135,135,135,135
1214,2016,71.0,411,411,411,411,411,411,411,411
1215,2016,72.0,22,22,22,22,22,22,22,22
1216,2016,73.0,166,166,166,166,166,166,166,166
1217,2016,74.0,10,10,10,10,10,10,10,10
1218,2016,75.0,55,55,55,55,55,55,55,55
1219,2016,76.0,13,13,13,13,13,13,13,13
1220,2016,77.0,93,93,93,93,93,93,93,93
1221,2017,1.0,172,172,172,172,172,172,172,172
1222,2017,2.0,117,117,117,117,117,117,117,117
1223,2017,3.0,108,108,108,108,108,108,108,108
1224,2017,4.0,64,64,64,64,64,64,64,64
1225,2017,5.0,52,52,52,52,52,52,52,52
1226,2017,6.0,237,237,237,237,237,237,237,236
1227,2017,7.0,149,149,149,149,149,149,149,149
1228,2017,8.0,419,419,419,419,419,419,419,418
1229,2017,9.0,3,3,3,3,3,3,3,3
1230,2017,10.0,15,15,15,15,15,15,15,15
1231,2017,11.0,19,19,19,19,19,19,19,19
1232,2017,12.0,8,8,8,8,8,8,8,8
1233,2017,13.0,27,27,27,27,27,27,27,27
1234,2017,14.0,145,145,145,145,145,145,145,145
1235,2017,15.0,73,73,73,73,73,73,73,73
1236,2017,16.0,114,114,114,114,114,114,114,114
1237,2017,17.0,29,29,29,29,29,29,29,29
1238,2017,18.0,22,22,22,22,22,22,22,22
1239,2017,19.0,180,180,180,180,180,180,180,180
1240,2017,20.0,60,60,60,60,60,60,60,60
1241,2017,21.0,111,111,111,111,111,111,111,111
1242,2017,22.0,267,267,267,267,267,267,267,267
1243,2017,23.0,431,431,431,431,431,431,431,431
1244,2017,24.0,432,432,432,432,432,432,432,432
1245,2017,25.0,913,913,913,913,913,913,913,913
1246,2017,26.0,325,325,325,325,325,325,325,325
1247,2017,27.0,267,267,267,267,267,267,267,266
1248,2017,28.0,473,473,473,473,473,473,473,473
1249,2017,29.0,435,435,435,435,435,435,435,434
1250,2017,30.0,217,217,217,217,217,217,217,217
1251,2017,31.0,120,120,120,120,120,120,120,120
1252,2017,32.0,387,387,387,387,387,387,387,386
1253,2017,33.0,93,93,93,93,93,93,93,93
1254,2017,34.0,98,98,98,98,98,98,98,98
1255,2017,35.0,160,160,160,160,160,160,160,159
1256,2017,36.0,27,27,27,27,27,27,27,27
1257,2017,37.0,61,61,61,61,61,61,61,61
1258,2017,38.0,196,196,196,196,196,196,196,196
1259,2017,39.0,106,106,106,106,106,106,106,106
1260,2017,40.0,177,177,177,177,177,177,177,177
1261,2017,41.0,99,99,99,99,99,99,99,99
1262,2017,42.0,220,220,220,220,220,220,220,219
1263,2017,43.0,499,499,499,499,499,499,499,499
1264,2017,44.0,310,310,310,310,310,310,310,310
1265,2017,45.0,69,69,69,69,69,69,69,69
1266,2017,46.0,188,188,188,188,188,188,188,187
1267,2017,47.0,8,8,8,8,8,8,8,8
1268,2017,48.0,72,72,72,72,72,72,72,72
1269,2017,49.0,367,367,367,367,367,367,367,367
1270,2017,50.0,30,30,30,30,30,30,30,30
1271,2017,51.0,57,57,57,57,57,57,57,57
1272,2017,52.0,26,26,26,26,26,26,26,26
1273,2017,53.0,157,157,157,157,157,157,157,157
1274,2017,54.0,49,49,49,49,49,49,49,49
1275,2017,55.0,12,12,12,12,12,12,12,12
1276,2017,56.0,62,62,62,62,62,62,62,62
1277,2017,57.0,33,33,33,33,33,33,33,33
1278,2017,58.0,153,153,153,153,153,153,153,153
1279,2017,59.0,48,48,48,48,48,48,48,48
1280,2017,60.0,56,56,56,56,56,56,56,56
1281,2017,61.0,229,229,229,229,229,229,229,228
1282,2017,62.0,64,64,64,64,64,64,64,64
1283,2017,63.0,173,173,173,173,173,173,173,173
1284,2017,64.0,17,17,17,17,17,17,17,17
1285,2017,65.0,88,88,88,88,88,88,88,88
1286,2017,66.0,299,299,299,299,299,299,299,299
1287,2017,67.0,312,312,312,312,312,312,312,312
1288,2017,68.0,288,288,288,288,288,288,288,288
1289,2017,69.0,415,415,415,415,415,415,415,415
1290,2017,70.0,117,117,117,117,117,117,117,117
1291,2017,71.0,377,377,377,377,377,377,377,377
1292,2017,72.0,24,24,24,24,24,24,24,24
1293,2017,73.0,155,155,155,155,155,155,155,155
1294,2017,74.0,7,7,7,7,7,7,7,7
1295,2017,75.0,65,65,65,65,65,65,65,65
1296,2017,76.0,7,7,7,7,7,7,7,7
1297,2017,77.0,94,94,94,94,94,94,94,94
1298,2018,1.0,150,150,150,150,150,150,150,150
1299,2018,2.0,139,139,139,139,139,139,139,139
1300,2018,3.0,109,109,109,109,109,109,109,109
1301,2018,4.0,41,41,41,41,41,41,41,41
1302,2018,5.0,36,36,36,36,36,36,36,36
1303,2018,6.0,194,194,194,194,194,194,194,194
1304,2018,7.0,167,167,167,167,167,167,167,167
1305,2018,8.0,389,389,389,389,389,389,389,389
1306,2018,9.0,1,1,1,1,1,1,1,1
1307,2018,10.0,10,10,10,10,10,10,10,10
1308,2018,11.0,19,19,19,19,19,19,19,19
1309,2018,12.0,5,5,5,5,5,5,5,5
1310,2018,13.0,30,30,30,30,30,30,30,30
1311,2018,14.0,136,136,136,136,136,136,136,136
1312,2018,15.0,82,82,82,82,82,82,82,82
1313,2018,16.0,95,95,95,95,95,95,95,95
1314,2018,17.0,22,22,22,22,22,22,22,22
1315,2018,18.0,10,10,10,10,10,10,10,10
1316,2018,19.0,165,165,165,165,165,165,165,165
1317,2018,20.0,48,48,48,48,48,48,48,48
1318,2018,21.0,104,104,104,104,104,104,104,104
1319,2018,22.0,152,152,152,152,152,152,152,152
1320,2018,23.0,361,361,361,361,361,361,361,361
1321,2018,24.0,297,297,297,297,297,297,297,296
1322,2018,25.0,834,834,834,834,834,834,834,834
1323,2018,26.0,341,341,341,341,341,341,341,341
1324,2018,27.0,315,315,315,315,315,315,315,315
1325,2018,28.0,354,354,354,354,354,354,354,354
1326,2018,29.0,408,408,408,408,408,408,408,407
1327,2018,30.0,203,203,203,203,203,203,203,203
1328,2018,31.0,96,96,96,96,96,96,96,96
1329,2018,32.0,321,321,321,321,321,321,321,321
1330,2018,33.0,52,52,52,52,52,52,52,52
1331,2018,34.0,53,53,53,53,53,53,53,53
1332,2018,35.0,120,120,120,120,120,120,120,120
1333,2018,36.0,21,21,21,21,21,21,21,21
1334,2018,37.0,36,36,36,36,36,36,36,36
1335,2018,38.0,158,158,158,158,158,158,158,158
1336,2018,39.0,62,62,62,62,62,62,62,62
1337,2018,40.0,112,112,112,112,112,112,112,112
1338,2018,41.0,115,115,115,115,115,115,115,115
1339,2018,42.0,140,140,140,140,140,140,140,140
1340,2018,43.0,322,322,322,322,322,322,322,322
1341,2018,44.0,259,259,259,259,259,259,259,259
1342,2018,45.0,41,41,41,41,41,41,41,41
1343,2018,46.0,145,145,145,145,145,145,145,145
1344,2018,47.0,25,25,25,25,25,25,25,25
1345,2018,48.0,45,45,45,45,45,45,45,45
1346,2018,49.0,277,277,277,277,277,277,277,277
1347,2018,50.0,27,27,27,27,27,27,27,27
1348,2018,51.0,59,59,59,59,59,59,59,59
1349,2018,52.0,31,31,31,31,31,31,31,31
1350,2018,53.0,141,141,141,141,141,141,141,141
1351,2018,54.0,65,65,65,65,65,65,65,65
1352,2018,55.0,13,13,13,13,13,13,13,13
1353,2018,56.0,34,34,34,34,34,34,34,34
1354,2018,57.0,29,29,29,29,29,29,29,29
1355,2018,58.0,98,98,98,98,98,98,98,98
1356,2018,59.0,24,24,24,24,24,24,24,24
1357,2018,60.0,34,34,34,34,34,34,34,34
1358,2018,61.0,186,186,186,186,186,186,186,186
1359,2018,62.0,29,29,29,29,29,29,29,29
1360,2018,63.0,84,84,84,84,84,84,84,84
1361,2018,64.0,17,17,17,17,17,17,17,17
1362,2018,65.0,50,50,50,50,50,50,50,50
1363,2018,66.0,299,299,299,299,299,299,299,299
1364,2018,67.0,291,291,291,291,291,291,291,291
1365,2018,68.0,234,234,234,234,234,234,234,234
1366,2018,69.0,258,258,258,258,258,258,258,258
1367,2018,70.0,103,103,103,103,103,103,103,103
1368,2018,71.0,327,327,327,327,327,327,327,327
1369,2018,72.0,12,12,12,12,12,12,12,12
1370,2018,73.0,98,98,98,98,98,98,98,98
1371,2018,74.0,8,8,8,8,8,8,8,8
1372,2018,75.0,30,30,30,30,30,30,30,30
1373,2018,76.0,4,4,4,4,4,4,4,4
1374,2018,77.0,77,77,77,77,77,77,77,77
1375,2019,1.0,118,118,118,118,118,118,118,118
1376,2019,2.0,93,93,93,93,93,93,93,93
1377,2019,3.0,75,75,75,75,75,75,75,75
1378,2019,4.0,28,28,28,28,28,28,28,28
1379,2019,5.0,25,25,25,25,25,25,25,25
1380,2019,6.0,161,161,161,161,161,161,161,161
1381,2019,7.0,119,119,119,119,119,119,119,119
1382,2019,8.0,419,419,419,419,419,419,419,418
1383,2019,9.0,2,2,2,2,2,2,2,2
1384,2019,10.0,8,8,8,8,8,8,8,8
1385,2019,11.0,13,13,13,13,13,13,13,13
1386,2019,12.0,2,2,2,2,2,2,2,2
1387,2019,13.0,16,16,16,16,16,16,16,16
1388,2019,14.0,76,76,76,76,76,76,76,76
1389,2019,15.0,59,59,59,59,59,59,59,59
1390,2019,16.0,47,47,47,47,47,47,47,47
1391,2019,17.0,17,17,17,17,17,17,17,17
1392,2019,18.0,13,13,13,13,13,13,13,13
1393,2019,19.0,135,135,135,135,135,135,135,135
1394,2019,20.0,33,33,33,33,33,33,33,33
1395,2019,21.0,81,81,81,81,81,81,81,81
1396,2019,22.0,139,139,139,139,139,139,139,139
1397,2019,23.0,243,243,243,243,243,243,243,243
1398,2019,24.0,246,246,246,246,246,246,246,246
1399,2019,25.0,659,659,659,659,659,659,659,658
1400,2019,26.0,280,280,280,280,280,280,280,280
1401,2019,27.0,222,222,222,222,222,222,222,222
1402,2019,28.0,308,308,308,308,308,308,308,308
1403,2019,29.0,363,363,363,363,363,363,363,363
1404,2019,30.0,158,158,158,158,158,158,158,158
1405,2019,31.0,69,69,69,69,69,69,69,69
1406,2019,32.0,259,259,259,259,259,259,259,258
1407,2019,33.0,44,44,44,44,44,44,44,44
1408,2019,34.0,73,73,73,73,73,73,73,73
1409,2019,35.0,88,88,88,88,88,88,88,88
1410,2019,36.0,23,23,23,23,23,23,23,23
1411,2019,37.0,53,53,53,53,53,53,53,53
1412,2019,38.0,102,102,102,102,102,102,102,102
1413,2019,39.0,43,43,43,43,43,43,43,43
1414,2019,40.0,77,77,77,77,77,77,77,77
1415,2019,41.0,72,72,72,72,72,72,72,72
1416,2019,42.0,141,141,141,141,141,141,141,141
1417,2019,43.0,315,315,315,315,315,315,315,314
1418,2019,44.0,262,262,262,262,262,262,262,262
1419,2019,45.0,31,31,31,31,31,31,31,31
1420,2019,46.0,136,136,136,136,136,136,136,136
1421,2019,47.0,19,19,19,19,19,19,19,19
1422,2019,48.0,41,41,41,41,41,41,41,41
1423,2019,49.0,230,230,230,230,230,230,230,230
1424,2019,50.0,25,25,25,25,25,25,25,25
1425,2019,51.0,48,48,48,48,48,48,48,48
1426,2019,52.0,25,25,25,25,25,25,25,25
1427,2019,53.0,96,96,96,96,96,96,96,96
1428,2019,54.0,27,27,27,27,27,27,27,27
1429,2019,55.0,11,11,11,11,11,11,11,11
1430,2019,56.0,30,30,30,30,30,30,30,30
1431,2019,57.0,11,11,11,11,11,11,11,11
1432,2019,58.0,66,66,66,66,66,66,66,66
1433,2019,59.0,24,24,24,24,24,24,24,24
1434,2019,60.0,18,18,18,18,18,18,18,18
1435,2019,61.0,130,130,130,130,130,130,130,130
1436,2019,62.0,28,28,28,28,28,28,28,28
1437,2019,63.0,104,104,104,104,104,104,104,104
1438,2019,64.0,14,14,14,14,14,14,14,14
1439,2019,65.0,51,51,51,51,51,51,51,51
1440,2019,66.0,244,244,244,244,244,244,244,244
1441,2019,67.0,232,232,232,232,232,232,232,232
1442,2019,68.0,239,239,239,239,239,239,239,239
1443,2019,69.0,256,256,256,256,256,256,256,256
1444,2019,70.0,74,74,74,74,74,74,74,74
1445,2019,71.0,281,281,281,281,281,281,281,281
1446,2019,72.0,15,15,15,15,15,15,15,15
1447,2019,73.0,91,91,91,91,91,91,91,91
1448,2019,74.0,3,3,3,3,3,3,3,3
1449,2019,75.0,43,43,43,43,43,43,43,43
1450,2019,76.0,8,8,8,8,8,8,8,8
1451,2019,77.0,69,69,69,69,69,69,69,69
1452,2020,1.0,121,121,121,121,121,121,121,121
1453,2020,2.0,105,105,105,105,105,105,105,105
1454,2020,3.0,106,106,106,106,106,106,106,106
1455,2020,4.0,34,34,34,34,34,34,34,34
1456,2020,5.0,29,29,29,29,29,29,29,29
1457,2020,6.0,149,149,149,149,149,149,149,149
1458,2020,7.0,114,114,114,114,114,114,114,114
1459,2020,8.0,260,260,260,260,260,260,260,260
1460,2020,9.0,1,1,1,1,1,1,1,1
1461,2020,10.0,20,20,20,20,20,20,20,20
1462,2020,11.0,14,14,14,14,14,14,14,14
1463,2020,12.0,7,7,7,7,7,7,7,7
1464,2020,13.0,20,20,20,20,20,20,20,20
1465,2020,14.0,90,90,90,90,90,90,90,90
1466,2020,15.0,77,77,77,77,77,77,77,77
1467,2020,16.0,82,82,82,82,82,82,82,82
1468,2020,17.0,19,19,19,19,19,19,19,19
1469,2020,18.0,14,14,14,14,14,14,14,14
1470,2020,19.0,97,97,97,97,97,97,97,97
1471,2020,20.0,35,35,35,35,35,35,35,35
1472,2020,21.0,86,86,86,86,86,86,86,86
1473,2020,22.0,131,131,131,131,131,131,131,131
1474,2020,23.0,329,329,329,329,329,329,329,329
1475,2020,24.0,255,255,255,255,255,255,255,255
1476,2020,25.0,758,758,758,758,758,758,758,757
1477,2020,26.0,352,352,352,352,352,352,352,352
1478,2020,27.0,210,210,210,210,210,210,210,210
1479,2020,28.0,285,285,285,285,285,285,285,284
1480,2020,29.0,412,412,412,412,412,412,412,412
1481,2020,30.0,145,145,145,145,145,145,145,145
1482,2020,31.0,75,75,75,75,75,75,75,75
1483,2020,32.0,188,188,188,188,188,188,188,185
1484,2020,33.0,53,53,53,53,53,53,53,53
1485,2020,34.0,72,72,72,72,72,72,72,72
1486,2020,35.0,85,85,85,85,85,85,85,85
1487,2020,36.0,21,21,21,21,21,21,21,21
1488,2020,37.0,50,50,50,50,50,50,50,50
1489,2020,38.0,89,89,89,89,89,89,89,89
1490,2020,39.0,36,36,36,36,36,36,36,36
1491,2020,40.0,68,68,68,68,68,68,68,68
1492,2020,41.0,81,81,81,81,81,81,81,81
1493,2020,42.0,105,105,105,105,105,105,105,105
1494,2020,43.0,304,304,304,304,304,304,304,304
1495,2020,44.0,261,261,261,261,261,261,261,261
1496,2020,45.0,47,47,47,47,47,47,47,47
1497,2020,46.0,117,117,117,117,117,117,117,117
1498,2020,47.0,11,11,11,11,11,11,11,11
1499,2020,48.0,89,89,89,89,89,89,89,89
1500,2020,49.0,221,221,221,221,221,221,221,221
1501,2020,50.0,21,21,21,21,21,21,21,21
1502,2020,51.0,68,68,68,68,68,68,68,68
1503,2020,52.0,19,19,19,19,19,19,19,19
1504,2020,53.0,129,129,129,129,129,129,129,129
1505,2020,54.0,45,45,45,45,45,45,45,45
1506,2020,55.0,8,8,8,8,8,8,8,8
1507,2020,56.0,44,44,44,44,44,44,44,44
1508,2020,57.0,30,30,30,30,30,30,30,30
1509,2020,58.0,70,70,70,70,70,70,70,70
1510,2020,59.0,29,29,29,29,29,29,29,29
1511,2020,60.0,44,44,44,44,44,44,44,44
1512,2020,61.0,138,138,138,138,138,138,138,138
1513,2020,62.0,35,35,35,35,35,35,35,35
1514,2020,63.0,77,77,77,77,77,77,77,77
1515,2020,64.0,24,24,24,24,24,24,24,24
1516,2020,65.0,43,43,43,43,43,43,43,43
1517,2020,66.0,210,210,210,210,210,210,210,210
1518,2020,67.0,269,269,269,269,269,269,269,269
1519,2020,68.0,233,233,233,233,233,233,233,233
1520,2020,69.0,258,258,258,258,258,258,258,258
1521,2020,70.0,57,57,57,57,57,57,57,57
1522,2020,71.0,203,203,203,203,203,203,203,202
1523,2020,72.0,29,29,29,29,29,29,29,29
1524,2020,73.0,100,100,100,100,100,100,100,100
1525,2020,74.0,4,4,4,4,4,4,4,4
1526,2020,75.0,59,59,59,59,59,59,59,59
1527,2020,76.0,7,7,7,7,7,7,7,7
1528,2020,77.0,62,62,62,62,62,62,62,62
1529,2021,1.0,126,126,126,126,126,126,125,126
1530,2021,2.0,81,81,81,81,81,81,81,81
1531,2021,3.0,74,74,74,74,74,74,74,74
1532,2021,4.0,35,35,35,35,35,35,35,35
1533,2021,5.0,16,16,16,16,16,16,16,16
1534,2021,6.0,129,129,129,129,129,129,129,129
1535,2021,7.0,60,60,60,60,60,60,60,60
1536,2021,8.0,253,253,253,253,253,253,253,253
1537,2021,9.0,1,1,1,1,1,1,1,1
1538,2021,10.0,13,13,13,13,13,13,13,13
1539,2021,11.0,16,16,16,16,16,16,16,16
1540,2021,12.0,4,4,4,4,4,4,4,4
1541,2021,13.0,8,8,8,8,8,8,8,8
1542,2021,14.0,47,47,47,47,47,47,47,47
1543,2021,15.0,42,42,42,42,42,42,42,42
1544,2021,16.0,57,57,57,57,57,57,57,57
1545,2021,17.0,21,21,21,21,21,21,21,21
1546,2021,18.0,6,6,6,6,6,6,6,6
1547,2021,19.0,70,70,70,70,70,70,70,70
1548,2021,20.0,26,26,26,26,26,26,26,26
1549,2021,21.0,49,49,49,49,49,49,49,49
1550,2021,22.0,102,102,102,102,102,102,102,102
1551,2021,23.0,208,208,208,208,208,208,208,208
1552,2021,24.0,250,250,250,250,250,250,250,250
1553,2021,25.0,477,477,477,477,477,477,477,477
1554,2021,26.0,190,190,190,190,190,190,190,190
1555,2021,27.0,143,143,143,143,143,143,143,143
1556,2021,28.0,240,240,240,240,240,240,240,239
1557,2021,29.0,274,274,274,274,274,274,274,274
1558,2021,30.0,126,126,126,126,126,126,126,126
1559,2021,31.0,84,84,84,84,84,84,84,84
1560,2021,32.0,169,169,169,169,169,169,169,164
1561,2021,33.0,42,42,42,42,42,42,42,42
1562,2021,34.0,82,82,82,82,82,82,82,82
1563,2021,35.0,67,67,67,67,67,67,67,67
1564,2021,36.0,27,27,27,27,27,27,27,27
1565,2021,37.0,27,27,27,27,27,27,27,27
1566,2021,38.0,84,84,84,84,84,84,84,84
1567,2021,39.0,63,63,63,63,63,63,63,63
1568,2021,40.0,49,49,49,49,49,49,49,48
1569,2021,41.0,77,77,77,77,77,77,77,77
1570,2021,42.0,85,85,85,85,85,85,85,85
1571,2021,43.0,247,247,247,247,247,247,247,247
1572,2021,44.0,182,182,182,182,182,182,182,182
1573,2021,45.0,45,45,45,45,45,45,45,45
1574,2021,46.0,90,90,90,90,90,90,90,90
1575,2021,47.0,11,11,11,11,11,11,11,11
1576,2021,48.0,77,77,77,77,77,77,77,77
1577,2021,49.0,158,158,158,158,158,158,158,158
1578,2021,50.0,28,28,28,28,28,28,28,28
1579,2021,51.0,38,38,38,38,38,38,38,38
1580,2021,52.0,19,19,19,19,19,19,19,19
1581,2021,53.0,91,91,91,91,91,91,91,91
1582,2021,54.0,20,20,20,20,20,20,20,20
1583,2021,55.0,9,9,9,9,9,9,9,9
1584,2021,56.0,45,45,45,45,45,45,45,45
1585,2021,57.0,27,27,27,27,27,27,27,27
1586,2021,58.0,48,48,48,48,48,48,48,48
1587,2021,59.0,15,15,15,15,15,15,15,15
1588,2021,60.0,42,42,42,42,42,42,42,42
1589,2021,61.0,98,98,98,98,98,98,98,98
1590,2021,62.0,32,32,32,32,32,32,32,32
1591,2021,63.0,56,56,56,56,56,56,56,56
1592,2021,64.0,16,16,16,16,16,16,16,16
1593,2021,65.0,32,32,32,32,32,32,32,32
1594,2021,66.0,156,156,156,156,156,156,156,156
1595,2021,67.0,131,131,131,131,131,131,131,130
1596,2021,68.0,140,140,140,140,140,140,140,140
1597,2021,69.0,206,206,206,206,206,206,206,206
1598,2021,70.0,40,40,40,40,40,40,40,40
1599,2021,71.0,158,158,158,158,158,158,158,158
1600,2021,72.0,13,13,13,13,13,13,13,13
1601,2021,73.0,61,61,61,61,61,61,61,61
1602,2021,74.0,10,10,10,10,10,10,10,10
1603,2021,75.0,30,30,30,30,30,30,30,30
1604,2021,76.0,5,5,5,5,5,5,5,5
1605,2021,77.0,55,55,55,55,55,55,55,55
